id,descripcion,entradas,formula,fuente,caracter,expresion,esperado,tolerancia,estado,calculado_por
"CM.aire.1.a","puntos de consumo","clase 2.4.2; presionUso 6 bar; tempEntrada 35 °C; material aluminio; Lprincipal 60 m; Lramales 0 m; fugas 10 % y reserva 20 % (defaultAire); arranquesHora 15; dPtanque 1.0 bar; horas 3500; tarifa 2.85; redundancia ninguna; sitio Tijuana (149 m, pAtm 99.548 kPa); consumos: Sopleteo 2×400 L/min a 6 bar uso 0.5 + Actuadores 4×250 L/min a 6 bar uso 0.3","Σ cant = 2 + 4 = 6","captura","primaria","AIRE.nPuntos","6","0","vigente","parches/casos-a-mano/aire.calc.mjs"
"CM.aire.1.b","pico sin simultaneidad (L/min)","clase 2.4.2; presionUso 6 bar; tempEntrada 35 °C; material aluminio; Lprincipal 60 m; Lramales 0 m; fugas 10 % y reserva 20 % (defaultAire); arranquesHora 15; dPtanque 1.0 bar; horas 3500; tarifa 2.85; redundancia ninguna; sitio Tijuana (149 m, pAtm 99.548 kPa); consumos: Sopleteo 2×400 L/min a 6 bar uso 0.5 + Actuadores 4×250 L/min a 6 bar uso 0.3","Σ cant·lmin = 2×400 + 4×250 = 1800","captura","primaria","AIRE.pico","1800","0.01","vigente","parches/casos-a-mano/aire.calc.mjs"
"CM.aire.1.c","consumo medio con factor de uso (L/min)","clase 2.4.2; presionUso 6 bar; tempEntrada 35 °C; material aluminio; Lprincipal 60 m; Lramales 0 m; fugas 10 % y reserva 20 % (defaultAire); arranquesHora 15; dPtanque 1.0 bar; horas 3500; tarifa 2.85; redundancia ninguna; sitio Tijuana (149 m, pAtm 99.548 kPa); consumos: Sopleteo 2×400 L/min a 6 bar uso 0.5 + Actuadores 4×250 L/min a 6 bar uso 0.3","Σ cant·lmin·uso = 2×400×0.5 + 4×250×0.3 = 700","captura","primaria","AIRE.medio","700","0.01","vigente","parches/casos-a-mano/aire.calc.mjs"
"CM.aire.1.s","simultaneidad automática con 6 puntos · FILA INFORMATIVA: decisión 3 del dueño (PLAN-CRITICOS §4), la curva queda como criterio de la casa declarado en pantalla y memoria SIN mover números; pasa a vigente al cerrar H-217","clase 2.4.2; presionUso 6 bar; tempEntrada 35 °C; material aluminio; Lprincipal 60 m; Lramales 0 m; fugas 10 % y reserva 20 % (defaultAire); arranquesHora 15; dPtanque 1.0 bar; horas 3500; tarifa 2.85; redundancia ninguna; sitio Tijuana (149 m, pAtm 99.548 kPa); consumos: Sopleteo 2×400 L/min a 6 bar uso 0.5 + Actuadores 4×250 L/min a 6 bar uso 0.3","curva de la casa: ≤1→1.00, ≤3→0.95, ≤6→0.85, ≤10→0.75, ≤20→0.65, ≤40→0.55, >40→0.50; n = 6 → 0.85","criterio de la casa (index.html:6875-6876) · curva de simultaneidad sin fuente (H-217)","memoria","AIRE.simul","0.85","0.000001","fase2:H-217","parches/casos-a-mano/aire.calc.mjs"
"CM.aire.1.d","demanda de proceso (L/min)","clase 2.4.2; presionUso 6 bar; tempEntrada 35 °C; material aluminio; Lprincipal 60 m; Lramales 0 m; fugas 10 % y reserva 20 % (defaultAire); arranquesHora 15; dPtanque 1.0 bar; horas 3500; tarifa 2.85; redundancia ninguna; sitio Tijuana (149 m, pAtm 99.548 kPa); consumos: Sopleteo 2×400 L/min a 6 bar uso 0.5 + Actuadores 4×250 L/min a 6 bar uso 0.3","máx(medio, pico·simul) = máx(700, 1800×0.85 = 1530) = 1530","criterio de la casa (index.html:6881) · mayor entre medio y pico con simultaneidad de la casa","memoria","AIRE.demandaProceso","1530","0.01","vigente","parches/casos-a-mano/aire.calc.mjs"
"CM.aire.1.e","FAD requerido (L/min de aire libre)","clase 2.4.2; presionUso 6 bar; tempEntrada 35 °C; material aluminio; Lprincipal 60 m; Lramales 0 m; fugas 10 % y reserva 20 % (defaultAire); arranquesHora 15; dPtanque 1.0 bar; horas 3500; tarifa 2.85; redundancia ninguna; sitio Tijuana (149 m, pAtm 99.548 kPa); consumos: Sopleteo 2×400 L/min a 6 bar uso 0.5 + Actuadores 4×250 L/min a 6 bar uso 0.3","demanda 1530 × (1 + fugas 0.10) = 1683; × (1 + reserva 0.20) = 2019.6 → 2019.6","criterio de la casa (index.html:6882-6891) · fugas 10 %, reserva 20 % y purga 15 % del desecante; ISO 1217:2009 §3.4.3 define el caudal referido a la succión","memoria","AIRE.fadRequerido","2019.6","0.05","vigente","parches/casos-a-mano/aire.calc.mjs"
"CM.aire.1.f","presión de descarga (bar man.)","clase 2.4.2; presionUso 6 bar; tempEntrada 35 °C; material aluminio; Lprincipal 60 m; Lramales 0 m; fugas 10 % y reserva 20 % (defaultAire); arranquesHora 15; dPtanque 1.0 bar; horas 3500; tarifa 2.85; redundancia ninguna; sitio Tijuana (149 m, pAtm 99.548 kPa); consumos: Sopleteo 2×400 L/min a 6 bar uso 0.5 + Actuadores 4×250 L/min a 6 bar uso 0.3","pUso 6 + red 0.30 + secador 0.2 + filtros 0.25 (0.25 aceite > 1) = 6.75","criterio de la casa (index.html:6895-6897) · caídas objetivo de red, secador y filtración","memoria","AIRE.pDescarga","6.75","0.001","vigente","parches/casos-a-mano/aire.calc.mjs"
"CM.aire.1.g","corrección del FAD de catálogo por presión","clase 2.4.2; presionUso 6 bar; tempEntrada 35 °C; material aluminio; Lprincipal 60 m; Lramales 0 m; fugas 10 % y reserva 20 % (defaultAire); arranquesHora 15; dPtanque 1.0 bar; horas 3500; tarifa 2.85; redundancia ninguna; sitio Tijuana (149 m, pAtm 99.548 kPa); consumos: Sopleteo 2×400 L/min a 6 bar uso 0.5 + Actuadores 4×250 L/min a 6 bar uso 0.3","1 − (6.75 − 7) × 0.05 = 1.0125","criterio de la casa (index.html:6903) · −5 % por bar sobre los 7 bar de catálogo (ISO 1217 Anexo C)","memoria","AIRE.corrP","1.0125","0.0001","vigente","parches/casos-a-mano/aire.calc.mjs"
"CM.aire.1.h","compresor seleccionado (HP)","clase 2.4.2; presionUso 6 bar; tempEntrada 35 °C; material aluminio; Lprincipal 60 m; Lramales 0 m; fugas 10 % y reserva 20 % (defaultAire); arranquesHora 15; dPtanque 1.0 bar; horas 3500; tarifa 2.85; redundancia ninguna; sitio Tijuana (149 m, pAtm 99.548 kPa); consumos: Sopleteo 2×400 L/min a 6 bar uso 0.5 + Actuadores 4×250 L/min a 6 bar uso 0.3","primero del catálogo lubricado con fad7×corrP ≥ 2019.6: cp-15 2400×1.0125 = 2430 → 20 HP","criterio de la casa (index.html:6797-6812 y 6904-6907) · catálogo de compresores de la casa y regla de selección","memoria","AIRE.principal.hp","20","0","vigente","parches/casos-a-mano/aire.calc.mjs"
"CM.aire.1.i","FAD real del compresor a la presión de descarga (L/min)","clase 2.4.2; presionUso 6 bar; tempEntrada 35 °C; material aluminio; Lprincipal 60 m; Lramales 0 m; fugas 10 % y reserva 20 % (defaultAire); arranquesHora 15; dPtanque 1.0 bar; horas 3500; tarifa 2.85; redundancia ninguna; sitio Tijuana (149 m, pAtm 99.548 kPa); consumos: Sopleteo 2×400 L/min a 6 bar uso 0.5 + Actuadores 4×250 L/min a 6 bar uso 0.3","2400 × 1.0125 = 2430","criterio de la casa (index.html:6905) · fad7·corrP","memoria","AIRE.principal.fadReal","2430","0.05","vigente","parches/casos-a-mano/aire.calc.mjs"
"CM.aire.1.j","unidades en servicio","clase 2.4.2; presionUso 6 bar; tempEntrada 35 °C; material aluminio; Lprincipal 60 m; Lramales 0 m; fugas 10 % y reserva 20 % (defaultAire); arranquesHora 15; dPtanque 1.0 bar; horas 3500; tarifa 2.85; redundancia ninguna; sitio Tijuana (149 m, pAtm 99.548 kPa); consumos: Sopleteo 2×400 L/min a 6 bar uso 0.5 + Actuadores 4×250 L/min a 6 bar uso 0.3","una unidad cubre la demanda → 1","criterio de la casa (index.html:6912) · ceil(FAD/fadReal) cuando no cubre","memoria","AIRE.nUnidades","1","0","vigente","parches/casos-a-mano/aire.calc.mjs"
"CM.aire.1.k","volumen teórico del tanque pulmón (L)","clase 2.4.2; presionUso 6 bar; tempEntrada 35 °C; material aluminio; Lprincipal 60 m; Lramales 0 m; fugas 10 % y reserva 20 % (defaultAire); arranquesHora 15; dPtanque 1.0 bar; horas 3500; tarifa 2.85; redundancia ninguna; sitio Tijuana (149 m, pAtm 99.548 kPa); consumos: Sopleteo 2×400 L/min a 6 bar uso 0.5 + Actuadores 4×250 L/min a 6 bar uso 0.3","V = 0.25·qc·p1/(fmax·Δp) con qc 40.5 L/s (2430/60), p1 0.99548 bar(a), fmax 15/3600 s⁻¹, Δp 1.0 bar → 0.25×40.5×0.99548/(0.0041667×1.0) = 2419.01","Atlas Copco, «Appropriate compressed air distribution», https://www.atlascopco.com/en-us/compressors/wiki/compressed-air-articles/compressed-air-distribution (fórmula del receptor; 15 arranques/h y banda 1.0 bar son criterio de la casa index.html:6922-6923)","secundaria","AIRE.vTeorico","2419.01","0.5","vigente","parches/casos-a-mano/aire.calc.mjs"
"CM.aire.1.l","tanque comercial inmediato superior (L)","clase 2.4.2; presionUso 6 bar; tempEntrada 35 °C; material aluminio; Lprincipal 60 m; Lramales 0 m; fugas 10 % y reserva 20 % (defaultAire); arranquesHora 15; dPtanque 1.0 bar; horas 3500; tarifa 2.85; redundancia ninguna; sitio Tijuana (149 m, pAtm 99.548 kPa); consumos: Sopleteo 2×400 L/min a 6 bar uso 0.5 + Actuadores 4×250 L/min a 6 bar uso 0.3","primero de [200, 300, 500, 750, 1000, 1500, 2000, 3000, 4000, 5000] ≥ 2419 → 3000","criterio de la casa (index.html:6928-6929) · lista comercial de la casa","memoria","AIRE.tanque","3000","0","vigente","parches/casos-a-mano/aire.calc.mjs"
"CM.aire.1.m","capacidad del secador (L/min): todo el caudal del compresor (1 × 2430) a la capacidad nominal de ISO 7183:2007 Tabla 2 opción A1 (35 °C, 7 bar(e), 100 % del caudal): factor 1.0; fuera del punto A1 la norma no da factores: corrección del fabricante pendiente, con aviso (H-215; antes FAD requerido / (fT × fP) de memoria)","clase 2.4.2; presionUso 6 bar; tempEntrada 35 °C; material aluminio; Lprincipal 60 m; Lramales 0 m; fugas 10 % y reserva 20 % (defaultAire); arranquesHora 15; dPtanque 1.0 bar; horas 3500; tarifa 2.85; redundancia ninguna; sitio Tijuana (149 m, pAtm 99.548 kPa); consumos: Sopleteo 2×400 L/min a 6 bar uso 0.5 + Actuadores 4×250 L/min a 6 bar uso 0.3","1 × 2430 × 1.0 = 2430","ISO 7183:2007 Tabla 2 opción A1 (parches/normas-texto/ISO-7183-2007_muestra-oficial.txt); PLAN-CRITICOS H-215 (caudal del compresor)","primaria","AIRE.capSecador","2430","1","vigente","parches/casos-a-mano/aire.calc.mjs"
"CM.aire.1.m2","el motor declara si el punto de operación es A1 (1) o si la corrección del fabricante queda pendiente (0) · aquí pendiente","clase 2.4.2; presionUso 6 bar; tempEntrada 35 °C; material aluminio; Lprincipal 60 m; Lramales 0 m; fugas 10 % y reserva 20 % (defaultAire); arranquesHora 15; dPtanque 1.0 bar; horas 3500; tarifa 2.85; redundancia ninguna; sitio Tijuana (149 m, pAtm 99.548 kPa); consumos: Sopleteo 2×400 L/min a 6 bar uso 0.5 + Actuadores 4×250 L/min a 6 bar uso 0.3","35 °C ≠ 35 o 6.75 bar ≠ 7","ISO 7183:2007 Tabla 2 opción A1","primaria","AIRE.enA1 ? 1 : 0","0","0","vigente","parches/casos-a-mano/aire.calc.mjs"
"CM.aire.1.n","densidad del aire en línea (kg/m³)","clase 2.4.2; presionUso 6 bar; tempEntrada 35 °C; material aluminio; Lprincipal 60 m; Lramales 0 m; fugas 10 % y reserva 20 % (defaultAire); arranquesHora 15; dPtanque 1.0 bar; horas 3500; tarifa 2.85; redundancia ninguna; sitio Tijuana (149 m, pAtm 99.548 kPa); consumos: Sopleteo 2×400 L/min a 6 bar uso 0.5 + Actuadores 4×250 L/min a 6 bar uso 0.3","ρ = p/(R·T) = (6.75×100 + 99.548)×1000 / (287.05 × 308.15) = 8.7565","gas ideal, R = 287.05 J/(kg·K); pAtm por altitud ASHRAE Fundamentals 2021 cap. 1 ec. 3 (memoria)","memoria","AIRE.rho","8.7565","0.001","vigente","parches/casos-a-mano/aire.calc.mjs"
"CM.aire.1.o","troncal: diámetro interior elegido (mm) = 1 1/4"" de cédula 40 (aluminio: H-218 pide DI del fabricante; se vigila el valor de hoy)","clase 2.4.2; presionUso 6 bar; tempEntrada 35 °C; material aluminio; Lprincipal 60 m; Lramales 0 m; fugas 10 % y reserva 20 % (defaultAire); arranquesHora 15; dPtanque 1.0 bar; horas 3500; tarifa 2.85; redundancia ninguna; sitio Tijuana (149 m, pAtm 99.548 kPa); consumos: Sopleteo 2×400 L/min a 6 bar uso 0.5 + Actuadores 4×250 L/min a 6 bar uso 0.3","primer DI de DIAM_AIRE con V ≤ 8 m/s y Δp ≤ 0.15 bar en 60 m → 1 1/4"" (35.1 mm)","criterio de la casa (index.html:6792-6793 y 6969-6981) · DI de cédula 40 para todo material; V ≤ 8 m/s; mitad de la caída objetivo","memoria","AIRE.tramos[0].d","35.1","0.01","vigente","parches/casos-a-mano/aire.calc.mjs"
"CM.aire.1.p","troncal 1 1/4"": velocidad (m/s)","clase 2.4.2; presionUso 6 bar; tempEntrada 35 °C; material aluminio; Lprincipal 60 m; Lramales 0 m; fugas 10 % y reserva 20 % (defaultAire); arranquesHora 15; dPtanque 1.0 bar; horas 3500; tarifa 2.85; redundancia ninguna; sitio Tijuana (149 m, pAtm 99.548 kPa); consumos: Sopleteo 2×400 L/min a 6 bar uso 0.5 + Actuadores 4×250 L/min a 6 bar uso 0.3","Q = 2019.6/60000 × 101.325/774.548 = 0.004403 m³/s; A = π·35.1²/4 mm² → V = 4.5507","continuidad; caudal de aire libre a 101.325 kPa llevado a la presión de línea (referencia no declarada en la suite: H-219)","memoria","AIRE.tramos[0].V","4.5507","0.001","vigente","parches/casos-a-mano/aire.calc.mjs"
"CM.aire.1.q","troncal 1 1/4"": gradiente de presión (Pa/m)","clase 2.4.2; presionUso 6 bar; tempEntrada 35 °C; material aluminio; Lprincipal 60 m; Lramales 0 m; fugas 10 % y reserva 20 % (defaultAire); arranquesHora 15; dPtanque 1.0 bar; horas 3500; tarifa 2.85; redundancia ninguna; sitio Tijuana (149 m, pAtm 99.548 kPa); consumos: Sopleteo 2×400 L/min a 6 bar uso 0.5 + Actuadores 4×250 L/min a 6 bar uso 0.3","Re = ρVD/μ = 75604; ε/D = 0.000043; f Haaland = 0.01906 (Colebrook 0.01928 → 49.803 Pa/m de referencia); Δp/L = f·ρ·V²/(2D) = 49.231","Darcy-Weisbach con f de Haaland (1983); μ = 1.85e-5 Pa·s criterio de la casa (index.html:6951)","memoria","AIRE.tramos[0].Pam","49.231","0.05","vigente","parches/casos-a-mano/aire.calc.mjs"
"CM.aire.1.r","troncal 1 1/4"": caída en 60 m con 40 % de longitud equivalente (bar)","clase 2.4.2; presionUso 6 bar; tempEntrada 35 °C; material aluminio; Lprincipal 60 m; Lramales 0 m; fugas 10 % y reserva 20 % (defaultAire); arranquesHora 15; dPtanque 1.0 bar; horas 3500; tarifa 2.85; redundancia ninguna; sitio Tijuana (149 m, pAtm 99.548 kPa); consumos: Sopleteo 2×400 L/min a 6 bar uso 0.5 + Actuadores 4×250 L/min a 6 bar uso 0.3","49.231 × 60 × 1.4 / 1e5 = 0.04135","criterio de la casa (index.html:6955) · Leq 1.4 declarado","memoria","AIRE.tramos[0].dPbar","0.04135","0.0001","vigente","parches/casos-a-mano/aire.calc.mjs"
"CM.aire.1.t","ramal (40 % del FAD = 807.84 L/min): diámetro interior elegido (mm) = 1/2""","clase 2.4.2; presionUso 6 bar; tempEntrada 35 °C; material aluminio; Lprincipal 60 m; Lramales 0 m; fugas 10 % y reserva 20 % (defaultAire); arranquesHora 15; dPtanque 1.0 bar; horas 3500; tarifa 2.85; redundancia ninguna; sitio Tijuana (149 m, pAtm 99.548 kPa); consumos: Sopleteo 2×400 L/min a 6 bar uso 0.5 + Actuadores 4×250 L/min a 6 bar uso 0.3","primer DI con V ≤ 15 m/s y Δp ≤ 0.15 bar en 0 m → 1/2"" (15.8 mm)","criterio de la casa (index.html:6982) · ramal = 40 % del FAD sin fuente (H-222); V ≤ 15 m/s","memoria","AIRE.tramos[1].d","15.8","0.01","vigente","parches/casos-a-mano/aire.calc.mjs"
"CM.aire.1.u","ramal 1/2"": velocidad (m/s)","clase 2.4.2; presionUso 6 bar; tempEntrada 35 °C; material aluminio; Lprincipal 60 m; Lramales 0 m; fugas 10 % y reserva 20 % (defaultAire); arranquesHora 15; dPtanque 1.0 bar; horas 3500; tarifa 2.85; redundancia ninguna; sitio Tijuana (149 m, pAtm 99.548 kPa); consumos: Sopleteo 2×400 L/min a 6 bar uso 0.5 + Actuadores 4×250 L/min a 6 bar uso 0.3","Q = 807.84/60000 × 101.325/774.548 = 0.001761 m³/s; V = Q/A = 8.9834","continuidad (misma referencia que la troncal)","memoria","AIRE.tramos[1].V","8.9834","0.001","vigente","parches/casos-a-mano/aire.calc.mjs"
"CM.aire.1.v","potencia de operación (kW) con potencia específica 7 kW/(m³/min) corregida -1.75 % por presión, más secador 0.11 kW/(m³/min) sobre la capacidad del secador (ISO 7183 A1, H-215)","clase 2.4.2; presionUso 6 bar; tempEntrada 35 °C; material aluminio; Lprincipal 60 m; Lramales 0 m; fugas 10 % y reserva 20 % (defaultAire); arranquesHora 15; dPtanque 1.0 bar; horas 3500; tarifa 2.85; redundancia ninguna; sitio Tijuana (149 m, pAtm 99.548 kPa); consumos: Sopleteo 2×400 L/min a 6 bar uso 0.5 + Actuadores 4×250 L/min a 6 bar uso 0.3","2.0196 × 7 × 0.9825 + 2.43 × 0.11 = 14.1571","criterio de la casa (index.html:6992-6993) · potencia específica y +7 %/bar sin fuente; se calcula sobre el FAD de diseño (H-219b)","memoria","AIRE.kWoper","14.1571","0.01","vigente","parches/casos-a-mano/aire.calc.mjs"
"CM.aire.1.w","costo anual de energía (MXN) = kW × 3500 h × 2.85 MXN/kWh","clase 2.4.2; presionUso 6 bar; tempEntrada 35 °C; material aluminio; Lprincipal 60 m; Lramales 0 m; fugas 10 % y reserva 20 % (defaultAire); arranquesHora 15; dPtanque 1.0 bar; horas 3500; tarifa 2.85; redundancia ninguna; sitio Tijuana (149 m, pAtm 99.548 kPa); consumos: Sopleteo 2×400 L/min a 6 bar uso 0.5 + Actuadores 4×250 L/min a 6 bar uso 0.3","14.1571 × 3500 × 2.85 = 141217.1","criterio de la casa (index.html:6994) · horas y tarifa capturadas (defaultAire)","memoria","AIRE.mxnAno","141217.1","5","vigente","parches/casos-a-mano/aire.calc.mjs"
"CM.aire.1.x","costo anual de las fugas (MXN) = proporción de las fugas en el FAD × costo anual","clase 2.4.2; presionUso 6 bar; tempEntrada 35 °C; material aluminio; Lprincipal 60 m; Lramales 0 m; fugas 10 % y reserva 20 % (defaultAire); arranquesHora 15; dPtanque 1.0 bar; horas 3500; tarifa 2.85; redundancia ninguna; sitio Tijuana (149 m, pAtm 99.548 kPa); consumos: Sopleteo 2×400 L/min a 6 bar uso 0.5 + Actuadores 4×250 L/min a 6 bar uso 0.3","153 / 2019.6 × 141217.1 = 10698.3","criterio de la casa (index.html:6995) · proporcional al FAD de diseño (H-219b)","memoria","AIRE.mxnFugas","10698.3","5","vigente","parches/casos-a-mano/aire.calc.mjs"
"CM.aire.1.y","potencia de operación sobre lo que se consume (medio + 10 % de fugas), sin reserva de crecimiento ni purga (kW) · hoy la suite la calcula sobre el FAD de diseño","clase 2.4.2; presionUso 6 bar; tempEntrada 35 °C; material aluminio; Lprincipal 60 m; Lramales 0 m; fugas 10 % y reserva 20 % (defaultAire); arranquesHora 15; dPtanque 1.0 bar; horas 3500; tarifa 2.85; redundancia ninguna; sitio Tijuana (149 m, pAtm 99.548 kPa); consumos: Sopleteo 2×400 L/min a 6 bar uso 0.5 + Actuadores 4×250 L/min a 6 bar uso 0.3","(700 × 1.10)/1000 × 7 × 0.9825 = 5.2957","H-219 (AUDITORIA §3.10): la energía y el costo de fugas se pagan sobre el consumo, no sobre el FAD de diseño; potencia específica de la casa","memoria","AIRE.kWoper","5.3","0.02","fase2:H-219b","parches/casos-a-mano/aire.calc.mjs"
"CM.aire.1.z","costo anual de las fugas sobre el consumo real (MXN)","clase 2.4.2; presionUso 6 bar; tempEntrada 35 °C; material aluminio; Lprincipal 60 m; Lramales 0 m; fugas 10 % y reserva 20 % (defaultAire); arranquesHora 15; dPtanque 1.0 bar; horas 3500; tarifa 2.85; redundancia ninguna; sitio Tijuana (149 m, pAtm 99.548 kPa); consumos: Sopleteo 2×400 L/min a 6 bar uso 0.5 + Actuadores 4×250 L/min a 6 bar uso 0.3","fugas 70 / (700 × 1.10) × (5.2957 × 3500 × 2.85 = 52824.4) = 4802.2","H-219 (AUDITORIA §3.10); ≈ 52,800 MXN/año de energía contra 141,250 de hoy","memoria","AIRE.mxnFugas","4802","10","fase2:H-219b","parches/casos-a-mano/aire.calc.mjs"
"CM.aire.2.d","demanda de proceso (L/min)","clase 1.4.1; presionUso 6.5 bar; tempEntrada 30 °C; material aluminio; Lprincipal 100 m; Lramales 40 m; fugas 10 % y reserva 20 % (defaultAire); arranquesHora 15; dPtanque 1.0 bar; horas 3500; tarifa 2.85; redundancia ninguna; sitio Tijuana (149 m, pAtm 99.548 kPa); consumos: Instrumentos 12×20 L/min a 5.5 bar uso 0.8 + Pistolas 3×180 L/min a 6 bar uso 0.1","máx(medio, pico·simul) = máx(246, 780×0.65 = 507) = 507","criterio de la casa (index.html:6881) · mayor entre medio y pico con simultaneidad de la casa","memoria","AIRE.demandaProceso","507","0.01","vigente","parches/casos-a-mano/aire.calc.mjs"
"CM.aire.2.e","FAD requerido (L/min de aire libre)","clase 1.4.1; presionUso 6.5 bar; tempEntrada 30 °C; material aluminio; Lprincipal 100 m; Lramales 40 m; fugas 10 % y reserva 20 % (defaultAire); arranquesHora 15; dPtanque 1.0 bar; horas 3500; tarifa 2.85; redundancia ninguna; sitio Tijuana (149 m, pAtm 99.548 kPa); consumos: Instrumentos 12×20 L/min a 5.5 bar uso 0.8 + Pistolas 3×180 L/min a 6 bar uso 0.1","demanda 507 × (1 + fugas 0.10) = 557.7; × (1 + reserva 0.20) = 669.24 → 669.24","criterio de la casa (index.html:6882-6891) · fugas 10 %, reserva 20 % y purga 15 % del desecante; ISO 1217:2009 §3.4.3 define el caudal referido a la succión","memoria","AIRE.fadRequerido","669.24","0.05","vigente","parches/casos-a-mano/aire.calc.mjs"
"CM.aire.2.f","presión de descarga (bar man.)","clase 1.4.1; presionUso 6.5 bar; tempEntrada 30 °C; material aluminio; Lprincipal 100 m; Lramales 40 m; fugas 10 % y reserva 20 % (defaultAire); arranquesHora 15; dPtanque 1.0 bar; horas 3500; tarifa 2.85; redundancia ninguna; sitio Tijuana (149 m, pAtm 99.548 kPa); consumos: Instrumentos 12×20 L/min a 5.5 bar uso 0.8 + Pistolas 3×180 L/min a 6 bar uso 0.1","pUso 6.5 + red 0.30 + secador 0.2 + filtros 0.5 (0.35 aceite ≤ 1 + 0.15 carbón) = 7.5","criterio de la casa (index.html:6895-6897) · caídas objetivo de red, secador y filtración","memoria","AIRE.pDescarga","7.5","0.001","vigente","parches/casos-a-mano/aire.calc.mjs"
"CM.aire.2.g","corrección del FAD de catálogo por presión","clase 1.4.1; presionUso 6.5 bar; tempEntrada 30 °C; material aluminio; Lprincipal 100 m; Lramales 40 m; fugas 10 % y reserva 20 % (defaultAire); arranquesHora 15; dPtanque 1.0 bar; horas 3500; tarifa 2.85; redundancia ninguna; sitio Tijuana (149 m, pAtm 99.548 kPa); consumos: Instrumentos 12×20 L/min a 5.5 bar uso 0.8 + Pistolas 3×180 L/min a 6 bar uso 0.1","1 − (7.5 − 7) × 0.05 = 0.975","criterio de la casa (index.html:6903) · −5 % por bar sobre los 7 bar de catálogo (ISO 1217 Anexo C)","memoria","AIRE.corrP","0.975","0.0001","vigente","parches/casos-a-mano/aire.calc.mjs"
"CM.aire.2.h","compresor seleccionado (HP)","clase 1.4.1; presionUso 6.5 bar; tempEntrada 30 °C; material aluminio; Lprincipal 100 m; Lramales 40 m; fugas 10 % y reserva 20 % (defaultAire); arranquesHora 15; dPtanque 1.0 bar; horas 3500; tarifa 2.85; redundancia ninguna; sitio Tijuana (149 m, pAtm 99.548 kPa); consumos: Instrumentos 12×20 L/min a 5.5 bar uso 0.8 + Pistolas 3×180 L/min a 6 bar uso 0.1","primero del catálogo lubricado con fad7×corrP ≥ 669.2: cp-7.5 1150×0.975 = 1121.25 → 10 HP","criterio de la casa (index.html:6797-6812 y 6904-6907) · catálogo de compresores de la casa y regla de selección","memoria","AIRE.principal.hp","10","0","vigente","parches/casos-a-mano/aire.calc.mjs"
"CM.aire.2.i","FAD real del compresor a la presión de descarga (L/min)","clase 1.4.1; presionUso 6.5 bar; tempEntrada 30 °C; material aluminio; Lprincipal 100 m; Lramales 40 m; fugas 10 % y reserva 20 % (defaultAire); arranquesHora 15; dPtanque 1.0 bar; horas 3500; tarifa 2.85; redundancia ninguna; sitio Tijuana (149 m, pAtm 99.548 kPa); consumos: Instrumentos 12×20 L/min a 5.5 bar uso 0.8 + Pistolas 3×180 L/min a 6 bar uso 0.1","1150 × 0.975 = 1121.25","criterio de la casa (index.html:6905) · fad7·corrP","memoria","AIRE.principal.fadReal","1121.25","0.05","vigente","parches/casos-a-mano/aire.calc.mjs"
"CM.aire.2.j","unidades en servicio","clase 1.4.1; presionUso 6.5 bar; tempEntrada 30 °C; material aluminio; Lprincipal 100 m; Lramales 40 m; fugas 10 % y reserva 20 % (defaultAire); arranquesHora 15; dPtanque 1.0 bar; horas 3500; tarifa 2.85; redundancia ninguna; sitio Tijuana (149 m, pAtm 99.548 kPa); consumos: Instrumentos 12×20 L/min a 5.5 bar uso 0.8 + Pistolas 3×180 L/min a 6 bar uso 0.1","una unidad cubre la demanda → 1","criterio de la casa (index.html:6912) · ceil(FAD/fadReal) cuando no cubre","memoria","AIRE.nUnidades","1","0","vigente","parches/casos-a-mano/aire.calc.mjs"
"CM.aire.2.k","volumen teórico del tanque pulmón (L)","clase 1.4.1; presionUso 6.5 bar; tempEntrada 30 °C; material aluminio; Lprincipal 100 m; Lramales 40 m; fugas 10 % y reserva 20 % (defaultAire); arranquesHora 15; dPtanque 1.0 bar; horas 3500; tarifa 2.85; redundancia ninguna; sitio Tijuana (149 m, pAtm 99.548 kPa); consumos: Instrumentos 12×20 L/min a 5.5 bar uso 0.8 + Pistolas 3×180 L/min a 6 bar uso 0.1","V = 0.25·qc·p1/(fmax·Δp) con qc 18.6875 L/s (1121.3/60), p1 0.99548 bar(a), fmax 15/3600 s⁻¹, Δp 1.0 bar → 0.25×18.6875×0.99548/(0.0041667×1.0) = 1116.18","Atlas Copco, «Appropriate compressed air distribution», https://www.atlascopco.com/en-us/compressors/wiki/compressed-air-articles/compressed-air-distribution (fórmula del receptor; 15 arranques/h y banda 1.0 bar son criterio de la casa index.html:6922-6923)","secundaria","AIRE.vTeorico","1116.18","0.5","vigente","parches/casos-a-mano/aire.calc.mjs"
"CM.aire.2.l","tanque comercial inmediato superior (L)","clase 1.4.1; presionUso 6.5 bar; tempEntrada 30 °C; material aluminio; Lprincipal 100 m; Lramales 40 m; fugas 10 % y reserva 20 % (defaultAire); arranquesHora 15; dPtanque 1.0 bar; horas 3500; tarifa 2.85; redundancia ninguna; sitio Tijuana (149 m, pAtm 99.548 kPa); consumos: Instrumentos 12×20 L/min a 5.5 bar uso 0.8 + Pistolas 3×180 L/min a 6 bar uso 0.1","primero de [200, 300, 500, 750, 1000, 1500, 2000, 3000, 4000, 5000] ≥ 1116.2 → 1500","criterio de la casa (index.html:6928-6929) · lista comercial de la casa","memoria","AIRE.tanque","1500","0","vigente","parches/casos-a-mano/aire.calc.mjs"
"CM.aire.2.m","capacidad del secador (L/min): todo el caudal del compresor (1 × 1121.25) a la capacidad nominal de ISO 7183:2007 Tabla 2 opción A1 (35 °C, 7 bar(e), 100 % del caudal): factor 1.0; fuera del punto A1 la norma no da factores: corrección del fabricante pendiente, con aviso (H-215; antes FAD requerido / (fT × fP) de memoria)","clase 1.4.1; presionUso 6.5 bar; tempEntrada 30 °C; material aluminio; Lprincipal 100 m; Lramales 40 m; fugas 10 % y reserva 20 % (defaultAire); arranquesHora 15; dPtanque 1.0 bar; horas 3500; tarifa 2.85; redundancia ninguna; sitio Tijuana (149 m, pAtm 99.548 kPa); consumos: Instrumentos 12×20 L/min a 5.5 bar uso 0.8 + Pistolas 3×180 L/min a 6 bar uso 0.1","1 × 1121.25 × 1.0 = 1121.25","ISO 7183:2007 Tabla 2 opción A1 (parches/normas-texto/ISO-7183-2007_muestra-oficial.txt); PLAN-CRITICOS H-215 (caudal del compresor)","primaria","AIRE.capSecador","1121.25","1","vigente","parches/casos-a-mano/aire.calc.mjs"
"CM.aire.2.m2","el motor declara si el punto de operación es A1 (1) o si la corrección del fabricante queda pendiente (0) · aquí pendiente","clase 1.4.1; presionUso 6.5 bar; tempEntrada 30 °C; material aluminio; Lprincipal 100 m; Lramales 40 m; fugas 10 % y reserva 20 % (defaultAire); arranquesHora 15; dPtanque 1.0 bar; horas 3500; tarifa 2.85; redundancia ninguna; sitio Tijuana (149 m, pAtm 99.548 kPa); consumos: Instrumentos 12×20 L/min a 5.5 bar uso 0.8 + Pistolas 3×180 L/min a 6 bar uso 0.1","30 °C ≠ 35 o 7.5 bar ≠ 7","ISO 7183:2007 Tabla 2 opción A1","primaria","AIRE.enA1 ? 1 : 0","0","0","vigente","parches/casos-a-mano/aire.calc.mjs"
"CM.aire.2.n","densidad del aire en línea (kg/m³)","clase 1.4.1; presionUso 6.5 bar; tempEntrada 30 °C; material aluminio; Lprincipal 100 m; Lramales 40 m; fugas 10 % y reserva 20 % (defaultAire); arranquesHora 15; dPtanque 1.0 bar; horas 3500; tarifa 2.85; redundancia ninguna; sitio Tijuana (149 m, pAtm 99.548 kPa); consumos: Instrumentos 12×20 L/min a 5.5 bar uso 0.8 + Pistolas 3×180 L/min a 6 bar uso 0.1","ρ = p/(R·T) = (7.5×100 + 99.548)×1000 / (287.05 × 303.15) = 9.7628","gas ideal, R = 287.05 J/(kg·K); pAtm por altitud ASHRAE Fundamentals 2021 cap. 1 ec. 3 (memoria)","memoria","AIRE.rho","9.7628","0.001","vigente","parches/casos-a-mano/aire.calc.mjs"
"CM.aire.2.o","troncal: diámetro interior elegido (mm) = 3/4"" de cédula 40 (aluminio: H-218 pide DI del fabricante; se vigila el valor de hoy)","clase 1.4.1; presionUso 6.5 bar; tempEntrada 30 °C; material aluminio; Lprincipal 100 m; Lramales 40 m; fugas 10 % y reserva 20 % (defaultAire); arranquesHora 15; dPtanque 1.0 bar; horas 3500; tarifa 2.85; redundancia ninguna; sitio Tijuana (149 m, pAtm 99.548 kPa); consumos: Instrumentos 12×20 L/min a 5.5 bar uso 0.8 + Pistolas 3×180 L/min a 6 bar uso 0.1","primer DI de DIAM_AIRE con V ≤ 8 m/s y Δp ≤ 0.15 bar en 100 m → 3/4"" (21 mm)","criterio de la casa (index.html:6792-6793 y 6969-6981) · DI de cédula 40 para todo material; V ≤ 8 m/s; mitad de la caída objetivo","memoria","AIRE.tramos[0].d","21","0.01","vigente","parches/casos-a-mano/aire.calc.mjs"
"CM.aire.2.p","troncal 3/4"": velocidad (m/s)","clase 1.4.1; presionUso 6.5 bar; tempEntrada 30 °C; material aluminio; Lprincipal 100 m; Lramales 40 m; fugas 10 % y reserva 20 % (defaultAire); arranquesHora 15; dPtanque 1.0 bar; horas 3500; tarifa 2.85; redundancia ninguna; sitio Tijuana (149 m, pAtm 99.548 kPa); consumos: Instrumentos 12×20 L/min a 5.5 bar uso 0.8 + Pistolas 3×180 L/min a 6 bar uso 0.1","Q = 669.24/60000 × 101.325/849.548 = 0.00133 m³/s; A = π·21²/4 mm² → V = 3.8409","continuidad; caudal de aire libre a 101.325 kPa llevado a la presión de línea (referencia no declarada en la suite: H-219)","memoria","AIRE.tramos[0].V","3.8409","0.001","vigente","parches/casos-a-mano/aire.calc.mjs"
"CM.aire.2.q","troncal 3/4"": gradiente de presión (Pa/m)","clase 1.4.1; presionUso 6.5 bar; tempEntrada 30 °C; material aluminio; Lprincipal 100 m; Lramales 40 m; fugas 10 % y reserva 20 % (defaultAire); arranquesHora 15; dPtanque 1.0 bar; horas 3500; tarifa 2.85; redundancia ninguna; sitio Tijuana (149 m, pAtm 99.548 kPa); consumos: Instrumentos 12×20 L/min a 5.5 bar uso 0.8 + Pistolas 3×180 L/min a 6 bar uso 0.1","Re = ρVD/μ = 42565; ε/D = 0.000071; f Haaland = 0.02166 (Colebrook 0.0219 → 75.084 Pa/m de referencia); Δp/L = f·ρ·V²/(2D) = 74.276","Darcy-Weisbach con f de Haaland (1983); μ = 1.85e-5 Pa·s criterio de la casa (index.html:6951)","memoria","AIRE.tramos[0].Pam","74.276","0.05","vigente","parches/casos-a-mano/aire.calc.mjs"
"CM.aire.2.r","troncal 3/4"": caída en 100 m con 40 % de longitud equivalente (bar)","clase 1.4.1; presionUso 6.5 bar; tempEntrada 30 °C; material aluminio; Lprincipal 100 m; Lramales 40 m; fugas 10 % y reserva 20 % (defaultAire); arranquesHora 15; dPtanque 1.0 bar; horas 3500; tarifa 2.85; redundancia ninguna; sitio Tijuana (149 m, pAtm 99.548 kPa); consumos: Instrumentos 12×20 L/min a 5.5 bar uso 0.8 + Pistolas 3×180 L/min a 6 bar uso 0.1","74.276 × 100 × 1.4 / 1e5 = 0.10399","criterio de la casa (index.html:6955) · Leq 1.4 declarado","memoria","AIRE.tramos[0].dPbar","0.10399","0.0001","vigente","parches/casos-a-mano/aire.calc.mjs"
"CM.aire.2.t","ramal (40 % del FAD = 267.7 L/min): diámetro interior elegido (mm) = 1/2""","clase 1.4.1; presionUso 6.5 bar; tempEntrada 30 °C; material aluminio; Lprincipal 100 m; Lramales 40 m; fugas 10 % y reserva 20 % (defaultAire); arranquesHora 15; dPtanque 1.0 bar; horas 3500; tarifa 2.85; redundancia ninguna; sitio Tijuana (149 m, pAtm 99.548 kPa); consumos: Instrumentos 12×20 L/min a 5.5 bar uso 0.8 + Pistolas 3×180 L/min a 6 bar uso 0.1","primer DI con V ≤ 15 m/s y Δp ≤ 0.15 bar en 40 m → 1/2"" (15.8 mm)","criterio de la casa (index.html:6982) · ramal = 40 % del FAD sin fuente (H-222); V ≤ 15 m/s","memoria","AIRE.tramos[1].d","15.8","0.01","vigente","parches/casos-a-mano/aire.calc.mjs"
"CM.aire.2.u","ramal 1/2"": velocidad (m/s)","clase 1.4.1; presionUso 6.5 bar; tempEntrada 30 °C; material aluminio; Lprincipal 100 m; Lramales 40 m; fugas 10 % y reserva 20 % (defaultAire); arranquesHora 15; dPtanque 1.0 bar; horas 3500; tarifa 2.85; redundancia ninguna; sitio Tijuana (149 m, pAtm 99.548 kPa); consumos: Instrumentos 12×20 L/min a 5.5 bar uso 0.8 + Pistolas 3×180 L/min a 6 bar uso 0.1","Q = 267.7/60000 × 101.325/849.548 = 0.000532 m³/s; V = Q/A = 2.714","continuidad (misma referencia que la troncal)","memoria","AIRE.tramos[1].V","2.714","0.001","vigente","parches/casos-a-mano/aire.calc.mjs"
"CM.aire.2.v","potencia de operación (kW) con potencia específica 7 kW/(m³/min) corregida 3.5 % por presión, más secador 0.11 kW/(m³/min) sobre la capacidad del secador (ISO 7183 A1, H-215)","clase 1.4.1; presionUso 6.5 bar; tempEntrada 30 °C; material aluminio; Lprincipal 100 m; Lramales 40 m; fugas 10 % y reserva 20 % (defaultAire); arranquesHora 15; dPtanque 1.0 bar; horas 3500; tarifa 2.85; redundancia ninguna; sitio Tijuana (149 m, pAtm 99.548 kPa); consumos: Instrumentos 12×20 L/min a 5.5 bar uso 0.8 + Pistolas 3×180 L/min a 6 bar uso 0.1","0.66924 × 7 × 1.035 + 1.12125 × 0.11 = 4.972","criterio de la casa (index.html:6992-6993) · potencia específica y +7 %/bar sin fuente; se calcula sobre el FAD de diseño (H-219b)","memoria","AIRE.kWoper","4.972","0.01","vigente","parches/casos-a-mano/aire.calc.mjs"
"CM.aire.3.d","demanda de proceso (L/min)","clase 1.2.1; presionUso 6 bar; tempEntrada 35 °C; material inox_304; Lprincipal 50 m; Lramales 30 m; fugas 10 % y reserva 20 % (defaultAire); arranquesHora 15; dPtanque 1.0 bar; horas 3500; tarifa 2.85; redundancia ninguna; sitio Tijuana (149 m, pAtm 99.548 kPa); consumos: Proceso 10×300 L/min a 6 bar uso 0.5","máx(medio, pico·simul) = máx(1500, 3000×0.75 = 2250) = 2250","criterio de la casa (index.html:6881) · mayor entre medio y pico con simultaneidad de la casa","memoria","AIRE.demandaProceso","2250","0.01","vigente","parches/casos-a-mano/aire.calc.mjs"
"CM.aire.3.e","FAD requerido (L/min de aire libre)","clase 1.2.1; presionUso 6 bar; tempEntrada 35 °C; material inox_304; Lprincipal 50 m; Lramales 30 m; fugas 10 % y reserva 20 % (defaultAire); arranquesHora 15; dPtanque 1.0 bar; horas 3500; tarifa 2.85; redundancia ninguna; sitio Tijuana (149 m, pAtm 99.548 kPa); consumos: Proceso 10×300 L/min a 6 bar uso 0.5","demanda 2250 × (1 + fugas 0.10) = 2475; × (1 + reserva 0.20) = 2970; + purga 2970×0.15/0.85 = 524.118 → 3494.118","criterio de la casa (index.html:6882-6891) · fugas 10 %, reserva 20 % y purga 15 % del desecante; ISO 1217:2009 §3.4.3 define el caudal referido a la succión","memoria","AIRE.fadRequerido","3494.118","0.05","vigente","parches/casos-a-mano/aire.calc.mjs"
"CM.aire.3.e2","purga de regeneración del desecante (L/min)","clase 1.2.1; presionUso 6 bar; tempEntrada 35 °C; material inox_304; Lprincipal 50 m; Lramales 30 m; fugas 10 % y reserva 20 % (defaultAire); arranquesHora 15; dPtanque 1.0 bar; horas 3500; tarifa 2.85; redundancia ninguna; sitio Tijuana (149 m, pAtm 99.548 kPa); consumos: Proceso 10×300 L/min a 6 bar uso 0.5","2970 × 0.15 / (1 − 0.15) = 524.118","criterio de la casa (index.html:6819 y 6890) · 15 % del caudal tratado","memoria","AIRE.purgaLmin","524.118","0.1","vigente","parches/casos-a-mano/aire.calc.mjs"
"CM.aire.3.f","presión de descarga (bar man.)","clase 1.2.1; presionUso 6 bar; tempEntrada 35 °C; material inox_304; Lprincipal 50 m; Lramales 30 m; fugas 10 % y reserva 20 % (defaultAire); arranquesHora 15; dPtanque 1.0 bar; horas 3500; tarifa 2.85; redundancia ninguna; sitio Tijuana (149 m, pAtm 99.548 kPa); consumos: Proceso 10×300 L/min a 6 bar uso 0.5","pUso 6 + red 0.30 + secador 0.35 + filtros 0.5 (0.35 aceite ≤ 1 + 0.15 carbón) = 7.15","criterio de la casa (index.html:6895-6897) · caídas objetivo de red, secador y filtración","memoria","AIRE.pDescarga","7.15","0.001","vigente","parches/casos-a-mano/aire.calc.mjs"
"CM.aire.3.g","corrección del FAD de catálogo por presión","clase 1.2.1; presionUso 6 bar; tempEntrada 35 °C; material inox_304; Lprincipal 50 m; Lramales 30 m; fugas 10 % y reserva 20 % (defaultAire); arranquesHora 15; dPtanque 1.0 bar; horas 3500; tarifa 2.85; redundancia ninguna; sitio Tijuana (149 m, pAtm 99.548 kPa); consumos: Proceso 10×300 L/min a 6 bar uso 0.5","1 − (7.15 − 7) × 0.05 = 0.9925","criterio de la casa (index.html:6903) · −5 % por bar sobre los 7 bar de catálogo (ISO 1217 Anexo C)","memoria","AIRE.corrP","0.9925","0.0001","vigente","parches/casos-a-mano/aire.calc.mjs"
"CM.aire.3.h","compresor seleccionado (HP) · pool exento de aceite (clase 1.2.1)","clase 1.2.1; presionUso 6 bar; tempEntrada 35 °C; material inox_304; Lprincipal 50 m; Lramales 30 m; fugas 10 % y reserva 20 % (defaultAire); arranquesHora 15; dPtanque 1.0 bar; horas 3500; tarifa 2.85; redundancia ninguna; sitio Tijuana (149 m, pAtm 99.548 kPa); consumos: Proceso 10×300 L/min a 6 bar uso 0.5","primero del catálogo exento con fad7×corrP ≥ 3494.1: cpo-37 5900×0.9925 = 5855.75 → 50 HP","criterio de la casa (index.html:6797-6812 y 6904-6907) · catálogo de compresores de la casa y regla de selección","memoria","AIRE.principal.hp","50","0","vigente","parches/casos-a-mano/aire.calc.mjs"
"CM.aire.3.i","FAD real del compresor a la presión de descarga (L/min)","clase 1.2.1; presionUso 6 bar; tempEntrada 35 °C; material inox_304; Lprincipal 50 m; Lramales 30 m; fugas 10 % y reserva 20 % (defaultAire); arranquesHora 15; dPtanque 1.0 bar; horas 3500; tarifa 2.85; redundancia ninguna; sitio Tijuana (149 m, pAtm 99.548 kPa); consumos: Proceso 10×300 L/min a 6 bar uso 0.5","5900 × 0.9925 = 5855.75","criterio de la casa (index.html:6905) · fad7·corrP","memoria","AIRE.principal.fadReal","5855.75","0.05","vigente","parches/casos-a-mano/aire.calc.mjs"
"CM.aire.3.j","unidades en servicio","clase 1.2.1; presionUso 6 bar; tempEntrada 35 °C; material inox_304; Lprincipal 50 m; Lramales 30 m; fugas 10 % y reserva 20 % (defaultAire); arranquesHora 15; dPtanque 1.0 bar; horas 3500; tarifa 2.85; redundancia ninguna; sitio Tijuana (149 m, pAtm 99.548 kPa); consumos: Proceso 10×300 L/min a 6 bar uso 0.5","una unidad cubre la demanda → 1","criterio de la casa (index.html:6912) · ceil(FAD/fadReal) cuando no cubre","memoria","AIRE.nUnidades","1","0","vigente","parches/casos-a-mano/aire.calc.mjs"
"CM.aire.3.j3","clase 1.2.1 obliga a compresor exento de aceite (1 = sí)","clase 1.2.1; presionUso 6 bar; tempEntrada 35 °C; material inox_304; Lprincipal 50 m; Lramales 30 m; fugas 10 % y reserva 20 % (defaultAire); arranquesHora 15; dPtanque 1.0 bar; horas 3500; tarifa 2.85; redundancia ninguna; sitio Tijuana (149 m, pAtm 99.548 kPa); consumos: Proceso 10×300 L/min a 6 bar uso 0.5","aceite ≤ 1 y clase 1.2.1 → exento","criterio de la casa (index.html:6904) · criterio de la casa; ISO 8573-1:2010 sólo define la clase de aceite (H-220)","memoria","AIRE.exento ? 1 : 0","1","0","vigente","parches/casos-a-mano/aire.calc.mjs"
"CM.aire.3.k","volumen teórico del tanque pulmón (L)","clase 1.2.1; presionUso 6 bar; tempEntrada 35 °C; material inox_304; Lprincipal 50 m; Lramales 30 m; fugas 10 % y reserva 20 % (defaultAire); arranquesHora 15; dPtanque 1.0 bar; horas 3500; tarifa 2.85; redundancia ninguna; sitio Tijuana (149 m, pAtm 99.548 kPa); consumos: Proceso 10×300 L/min a 6 bar uso 0.5","V = 0.25·qc·p1/(fmax·Δp) con qc 97.5958 L/s (5855.8/60), p1 0.99548 bar(a), fmax 15/3600 s⁻¹, Δp 1.0 bar → 0.25×97.5958×0.99548/(0.0041667×1.0) = 5829.27","Atlas Copco, «Appropriate compressed air distribution», https://www.atlascopco.com/en-us/compressors/wiki/compressed-air-articles/compressed-air-distribution (fórmula del receptor; 15 arranques/h y banda 1.0 bar son criterio de la casa index.html:6922-6923)","secundaria","AIRE.vTeorico","5829.27","0.5","vigente","parches/casos-a-mano/aire.calc.mjs"
"CM.aire.3.l","capacidad de tanque instalada no menor al teórico (1 = cumple) · hoy la suite trunca en silencio a 5,000 L y la memoria dice «se sube al comercial inmediato superior»","clase 1.2.1; presionUso 6 bar; tempEntrada 35 °C; material inox_304; Lprincipal 50 m; Lramales 30 m; fugas 10 % y reserva 20 % (defaultAire); arranquesHora 15; dPtanque 1.0 bar; horas 3500; tarifa 2.85; redundancia ninguna; sitio Tijuana (149 m, pAtm 99.548 kPa); consumos: Proceso 10×300 L/min a 6 bar uso 0.5","teórico 5829.3 L > 5,000 L: hoy tanque = 5000 (tope, index.html:6929) → 0; correcto: varios tanques o uno mayor, con aviso → 1","fórmula del receptor Atlas Copco (URL en fila k); tope de 5,000 L sin fuente (H-216)","secundaria","AIRE.tanque >= AIRE.vTeorico ? 1 : 0","1","0","fase2:H-216","parches/casos-a-mano/aire.calc.mjs"
"CM.aire.3.m","capacidad del secador (L/min): todo el caudal del compresor (1 × 5855.75) a la capacidad nominal de ISO 7183:2007 Tabla 2 opción A1 (35 °C, 7 bar(e), 100 % del caudal): factor 1.0; fuera del punto A1 la norma no da factores: corrección del fabricante pendiente, con aviso (H-215; antes FAD requerido / (fT × fP) de memoria)","clase 1.2.1; presionUso 6 bar; tempEntrada 35 °C; material inox_304; Lprincipal 50 m; Lramales 30 m; fugas 10 % y reserva 20 % (defaultAire); arranquesHora 15; dPtanque 1.0 bar; horas 3500; tarifa 2.85; redundancia ninguna; sitio Tijuana (149 m, pAtm 99.548 kPa); consumos: Proceso 10×300 L/min a 6 bar uso 0.5","1 × 5855.75 × 1.0 = 5855.75","ISO 7183:2007 Tabla 2 opción A1 (parches/normas-texto/ISO-7183-2007_muestra-oficial.txt); PLAN-CRITICOS H-215 (caudal del compresor)","primaria","AIRE.capSecador","5855.75","1","vigente","parches/casos-a-mano/aire.calc.mjs"
"CM.aire.3.m2","el motor declara si el punto de operación es A1 (1) o si la corrección del fabricante queda pendiente (0) · aquí pendiente","clase 1.2.1; presionUso 6 bar; tempEntrada 35 °C; material inox_304; Lprincipal 50 m; Lramales 30 m; fugas 10 % y reserva 20 % (defaultAire); arranquesHora 15; dPtanque 1.0 bar; horas 3500; tarifa 2.85; redundancia ninguna; sitio Tijuana (149 m, pAtm 99.548 kPa); consumos: Proceso 10×300 L/min a 6 bar uso 0.5","35 °C ≠ 35 o 7.15 bar ≠ 7","ISO 7183:2007 Tabla 2 opción A1","primaria","AIRE.enA1 ? 1 : 0","0","0","vigente","parches/casos-a-mano/aire.calc.mjs"
"CM.aire.3.n","densidad del aire en línea (kg/m³)","clase 1.2.1; presionUso 6 bar; tempEntrada 35 °C; material inox_304; Lprincipal 50 m; Lramales 30 m; fugas 10 % y reserva 20 % (defaultAire); arranquesHora 15; dPtanque 1.0 bar; horas 3500; tarifa 2.85; redundancia ninguna; sitio Tijuana (149 m, pAtm 99.548 kPa); consumos: Proceso 10×300 L/min a 6 bar uso 0.5","ρ = p/(R·T) = (7.15×100 + 99.548)×1000 / (287.05 × 308.15) = 9.2087","gas ideal, R = 287.05 J/(kg·K); pAtm por altitud ASHRAE Fundamentals 2021 cap. 1 ec. 3 (memoria)","memoria","AIRE.rho","9.2087","0.001","vigente","parches/casos-a-mano/aire.calc.mjs"
"CM.aire.3.o","troncal: diámetro interior elegido (mm) = 1 1/4"" de cédula 40 (inox_304: H-218 pide DI del fabricante; se vigila el valor de hoy)","clase 1.2.1; presionUso 6 bar; tempEntrada 35 °C; material inox_304; Lprincipal 50 m; Lramales 30 m; fugas 10 % y reserva 20 % (defaultAire); arranquesHora 15; dPtanque 1.0 bar; horas 3500; tarifa 2.85; redundancia ninguna; sitio Tijuana (149 m, pAtm 99.548 kPa); consumos: Proceso 10×300 L/min a 6 bar uso 0.5","primer DI de DIAM_AIRE con V ≤ 8 m/s y Δp ≤ 0.15 bar en 50 m → 1 1/4"" (35.1 mm)","criterio de la casa (index.html:6792-6793 y 6969-6981) · DI de cédula 40 para todo material; V ≤ 8 m/s; mitad de la caída objetivo","memoria","AIRE.tramos[0].d","35.1","0.01","vigente","parches/casos-a-mano/aire.calc.mjs"
"CM.aire.3.p","troncal 1 1/4"": velocidad (m/s)","clase 1.2.1; presionUso 6 bar; tempEntrada 35 °C; material inox_304; Lprincipal 50 m; Lramales 30 m; fugas 10 % y reserva 20 % (defaultAire); arranquesHora 15; dPtanque 1.0 bar; horas 3500; tarifa 2.85; redundancia ninguna; sitio Tijuana (149 m, pAtm 99.548 kPa); consumos: Proceso 10×300 L/min a 6 bar uso 0.5","Q = 3494.12/60000 × 101.325/814.548 = 0.007244 m³/s; A = π·35.1²/4 mm² → V = 7.4866","continuidad; caudal de aire libre a 101.325 kPa llevado a la presión de línea (referencia no declarada en la suite: H-219)","memoria","AIRE.tramos[0].V","7.4866","0.001","vigente","parches/casos-a-mano/aire.calc.mjs"
"CM.aire.3.q","troncal 1 1/4"": gradiente de presión (Pa/m)","clase 1.2.1; presionUso 6 bar; tempEntrada 35 °C; material inox_304; Lprincipal 50 m; Lramales 30 m; fugas 10 % y reserva 20 % (defaultAire); arranquesHora 15; dPtanque 1.0 bar; horas 3500; tarifa 2.85; redundancia ninguna; sitio Tijuana (149 m, pAtm 99.548 kPa); consumos: Proceso 10×300 L/min a 6 bar uso 0.5","Re = ρVD/μ = 130802; ε/D = 0.000043; f Haaland = 0.01708 (Colebrook 0.01729 → 127.108 Pa/m de referencia); Δp/L = f·ρ·V²/(2D) = 125.552","Darcy-Weisbach con f de Haaland (1983); μ = 1.85e-5 Pa·s criterio de la casa (index.html:6951)","memoria","AIRE.tramos[0].Pam","125.552","0.05","vigente","parches/casos-a-mano/aire.calc.mjs"
"CM.aire.3.r","troncal 1 1/4"": caída en 50 m con 40 % de longitud equivalente (bar)","clase 1.2.1; presionUso 6 bar; tempEntrada 35 °C; material inox_304; Lprincipal 50 m; Lramales 30 m; fugas 10 % y reserva 20 % (defaultAire); arranquesHora 15; dPtanque 1.0 bar; horas 3500; tarifa 2.85; redundancia ninguna; sitio Tijuana (149 m, pAtm 99.548 kPa); consumos: Proceso 10×300 L/min a 6 bar uso 0.5","125.552 × 50 × 1.4 / 1e5 = 0.08789","criterio de la casa (index.html:6955) · Leq 1.4 declarado","memoria","AIRE.tramos[0].dPbar","0.08789","0.0001","vigente","parches/casos-a-mano/aire.calc.mjs"
"CM.aire.3.t","ramal (40 % del FAD = 1397.65 L/min): diámetro interior elegido (mm) = 3/4""","clase 1.2.1; presionUso 6 bar; tempEntrada 35 °C; material inox_304; Lprincipal 50 m; Lramales 30 m; fugas 10 % y reserva 20 % (defaultAire); arranquesHora 15; dPtanque 1.0 bar; horas 3500; tarifa 2.85; redundancia ninguna; sitio Tijuana (149 m, pAtm 99.548 kPa); consumos: Proceso 10×300 L/min a 6 bar uso 0.5","primer DI con V ≤ 15 m/s y Δp ≤ 0.15 bar en 30 m → 3/4"" (21 mm)","criterio de la casa (index.html:6982) · ramal = 40 % del FAD sin fuente (H-222); V ≤ 15 m/s","memoria","AIRE.tramos[1].d","21","0.01","vigente","parches/casos-a-mano/aire.calc.mjs"
"CM.aire.3.u","ramal 3/4"": velocidad (m/s)","clase 1.2.1; presionUso 6 bar; tempEntrada 35 °C; material inox_304; Lprincipal 50 m; Lramales 30 m; fugas 10 % y reserva 20 % (defaultAire); arranquesHora 15; dPtanque 1.0 bar; horas 3500; tarifa 2.85; redundancia ninguna; sitio Tijuana (149 m, pAtm 99.548 kPa); consumos: Proceso 10×300 L/min a 6 bar uso 0.5","Q = 1397.65/60000 × 101.325/814.548 = 0.002898 m³/s; V = Q/A = 8.366","continuidad (misma referencia que la troncal)","memoria","AIRE.tramos[1].V","8.366","0.001","vigente","parches/casos-a-mano/aire.calc.mjs"
"CM.aire.4.d","demanda de proceso (L/min)","clase 2.4.2; presionUso 6 bar; tempEntrada 35 °C; material cobre; Lprincipal 55 m; Lramales 0 m; fugas 10 % y reserva 20 % (defaultAire); arranquesHora 15; dPtanque 1.0 bar; horas 3500; tarifa 2.85; redundancia ninguna; sitio Tijuana (149 m, pAtm 99.548 kPa); consumos: Sopleteo 2×400 L/min a 6 bar uso 0.5 + Actuadores 4×250 L/min a 6 bar uso 0.3","máx(medio, pico·simul) = máx(700, 1800×0.85 = 1530) = 1530","criterio de la casa (index.html:6881) · mayor entre medio y pico con simultaneidad de la casa","memoria","AIRE.demandaProceso","1530","0.01","vigente","parches/casos-a-mano/aire.calc.mjs"
"CM.aire.4.e","FAD requerido (L/min de aire libre)","clase 2.4.2; presionUso 6 bar; tempEntrada 35 °C; material cobre; Lprincipal 55 m; Lramales 0 m; fugas 10 % y reserva 20 % (defaultAire); arranquesHora 15; dPtanque 1.0 bar; horas 3500; tarifa 2.85; redundancia ninguna; sitio Tijuana (149 m, pAtm 99.548 kPa); consumos: Sopleteo 2×400 L/min a 6 bar uso 0.5 + Actuadores 4×250 L/min a 6 bar uso 0.3","demanda 1530 × (1 + fugas 0.10) = 1683; × (1 + reserva 0.20) = 2019.6 → 2019.6","criterio de la casa (index.html:6882-6891) · fugas 10 %, reserva 20 % y purga 15 % del desecante; ISO 1217:2009 §3.4.3 define el caudal referido a la succión","memoria","AIRE.fadRequerido","2019.6","0.05","vigente","parches/casos-a-mano/aire.calc.mjs"
"CM.aire.4.f","presión de descarga (bar man.)","clase 2.4.2; presionUso 6 bar; tempEntrada 35 °C; material cobre; Lprincipal 55 m; Lramales 0 m; fugas 10 % y reserva 20 % (defaultAire); arranquesHora 15; dPtanque 1.0 bar; horas 3500; tarifa 2.85; redundancia ninguna; sitio Tijuana (149 m, pAtm 99.548 kPa); consumos: Sopleteo 2×400 L/min a 6 bar uso 0.5 + Actuadores 4×250 L/min a 6 bar uso 0.3","pUso 6 + red 0.30 + secador 0.2 + filtros 0.25 (0.25 aceite > 1) = 6.75","criterio de la casa (index.html:6895-6897) · caídas objetivo de red, secador y filtración","memoria","AIRE.pDescarga","6.75","0.001","vigente","parches/casos-a-mano/aire.calc.mjs"
"CM.aire.4.g","corrección del FAD de catálogo por presión","clase 2.4.2; presionUso 6 bar; tempEntrada 35 °C; material cobre; Lprincipal 55 m; Lramales 0 m; fugas 10 % y reserva 20 % (defaultAire); arranquesHora 15; dPtanque 1.0 bar; horas 3500; tarifa 2.85; redundancia ninguna; sitio Tijuana (149 m, pAtm 99.548 kPa); consumos: Sopleteo 2×400 L/min a 6 bar uso 0.5 + Actuadores 4×250 L/min a 6 bar uso 0.3","1 − (6.75 − 7) × 0.05 = 1.0125","criterio de la casa (index.html:6903) · −5 % por bar sobre los 7 bar de catálogo (ISO 1217 Anexo C)","memoria","AIRE.corrP","1.0125","0.0001","vigente","parches/casos-a-mano/aire.calc.mjs"
"CM.aire.4.h","compresor seleccionado (HP)","clase 2.4.2; presionUso 6 bar; tempEntrada 35 °C; material cobre; Lprincipal 55 m; Lramales 0 m; fugas 10 % y reserva 20 % (defaultAire); arranquesHora 15; dPtanque 1.0 bar; horas 3500; tarifa 2.85; redundancia ninguna; sitio Tijuana (149 m, pAtm 99.548 kPa); consumos: Sopleteo 2×400 L/min a 6 bar uso 0.5 + Actuadores 4×250 L/min a 6 bar uso 0.3","primero del catálogo lubricado con fad7×corrP ≥ 2019.6: cp-15 2400×1.0125 = 2430 → 20 HP","criterio de la casa (index.html:6797-6812 y 6904-6907) · catálogo de compresores de la casa y regla de selección","memoria","AIRE.principal.hp","20","0","vigente","parches/casos-a-mano/aire.calc.mjs"
"CM.aire.4.i","FAD real del compresor a la presión de descarga (L/min)","clase 2.4.2; presionUso 6 bar; tempEntrada 35 °C; material cobre; Lprincipal 55 m; Lramales 0 m; fugas 10 % y reserva 20 % (defaultAire); arranquesHora 15; dPtanque 1.0 bar; horas 3500; tarifa 2.85; redundancia ninguna; sitio Tijuana (149 m, pAtm 99.548 kPa); consumos: Sopleteo 2×400 L/min a 6 bar uso 0.5 + Actuadores 4×250 L/min a 6 bar uso 0.3","2400 × 1.0125 = 2430","criterio de la casa (index.html:6905) · fad7·corrP","memoria","AIRE.principal.fadReal","2430","0.05","vigente","parches/casos-a-mano/aire.calc.mjs"
"CM.aire.4.j","unidades en servicio","clase 2.4.2; presionUso 6 bar; tempEntrada 35 °C; material cobre; Lprincipal 55 m; Lramales 0 m; fugas 10 % y reserva 20 % (defaultAire); arranquesHora 15; dPtanque 1.0 bar; horas 3500; tarifa 2.85; redundancia ninguna; sitio Tijuana (149 m, pAtm 99.548 kPa); consumos: Sopleteo 2×400 L/min a 6 bar uso 0.5 + Actuadores 4×250 L/min a 6 bar uso 0.3","una unidad cubre la demanda → 1","criterio de la casa (index.html:6912) · ceil(FAD/fadReal) cuando no cubre","memoria","AIRE.nUnidades","1","0","vigente","parches/casos-a-mano/aire.calc.mjs"
"CM.aire.4.k","volumen teórico del tanque pulmón (L)","clase 2.4.2; presionUso 6 bar; tempEntrada 35 °C; material cobre; Lprincipal 55 m; Lramales 0 m; fugas 10 % y reserva 20 % (defaultAire); arranquesHora 15; dPtanque 1.0 bar; horas 3500; tarifa 2.85; redundancia ninguna; sitio Tijuana (149 m, pAtm 99.548 kPa); consumos: Sopleteo 2×400 L/min a 6 bar uso 0.5 + Actuadores 4×250 L/min a 6 bar uso 0.3","V = 0.25·qc·p1/(fmax·Δp) con qc 40.5 L/s (2430/60), p1 0.99548 bar(a), fmax 15/3600 s⁻¹, Δp 1.0 bar → 0.25×40.5×0.99548/(0.0041667×1.0) = 2419.01","Atlas Copco, «Appropriate compressed air distribution», https://www.atlascopco.com/en-us/compressors/wiki/compressed-air-articles/compressed-air-distribution (fórmula del receptor; 15 arranques/h y banda 1.0 bar son criterio de la casa index.html:6922-6923)","secundaria","AIRE.vTeorico","2419.01","0.5","vigente","parches/casos-a-mano/aire.calc.mjs"
"CM.aire.4.l","tanque comercial inmediato superior (L)","clase 2.4.2; presionUso 6 bar; tempEntrada 35 °C; material cobre; Lprincipal 55 m; Lramales 0 m; fugas 10 % y reserva 20 % (defaultAire); arranquesHora 15; dPtanque 1.0 bar; horas 3500; tarifa 2.85; redundancia ninguna; sitio Tijuana (149 m, pAtm 99.548 kPa); consumos: Sopleteo 2×400 L/min a 6 bar uso 0.5 + Actuadores 4×250 L/min a 6 bar uso 0.3","primero de [200, 300, 500, 750, 1000, 1500, 2000, 3000, 4000, 5000] ≥ 2419 → 3000","criterio de la casa (index.html:6928-6929) · lista comercial de la casa","memoria","AIRE.tanque","3000","0","vigente","parches/casos-a-mano/aire.calc.mjs"
"CM.aire.4.m","capacidad del secador (L/min): todo el caudal del compresor (1 × 2430) a la capacidad nominal de ISO 7183:2007 Tabla 2 opción A1 (35 °C, 7 bar(e), 100 % del caudal): factor 1.0; fuera del punto A1 la norma no da factores: corrección del fabricante pendiente, con aviso (H-215; antes FAD requerido / (fT × fP) de memoria)","clase 2.4.2; presionUso 6 bar; tempEntrada 35 °C; material cobre; Lprincipal 55 m; Lramales 0 m; fugas 10 % y reserva 20 % (defaultAire); arranquesHora 15; dPtanque 1.0 bar; horas 3500; tarifa 2.85; redundancia ninguna; sitio Tijuana (149 m, pAtm 99.548 kPa); consumos: Sopleteo 2×400 L/min a 6 bar uso 0.5 + Actuadores 4×250 L/min a 6 bar uso 0.3","1 × 2430 × 1.0 = 2430","ISO 7183:2007 Tabla 2 opción A1 (parches/normas-texto/ISO-7183-2007_muestra-oficial.txt); PLAN-CRITICOS H-215 (caudal del compresor)","primaria","AIRE.capSecador","2430","1","vigente","parches/casos-a-mano/aire.calc.mjs"
"CM.aire.4.m2","el motor declara si el punto de operación es A1 (1) o si la corrección del fabricante queda pendiente (0) · aquí pendiente","clase 2.4.2; presionUso 6 bar; tempEntrada 35 °C; material cobre; Lprincipal 55 m; Lramales 0 m; fugas 10 % y reserva 20 % (defaultAire); arranquesHora 15; dPtanque 1.0 bar; horas 3500; tarifa 2.85; redundancia ninguna; sitio Tijuana (149 m, pAtm 99.548 kPa); consumos: Sopleteo 2×400 L/min a 6 bar uso 0.5 + Actuadores 4×250 L/min a 6 bar uso 0.3","35 °C ≠ 35 o 6.75 bar ≠ 7","ISO 7183:2007 Tabla 2 opción A1","primaria","AIRE.enA1 ? 1 : 0","0","0","vigente","parches/casos-a-mano/aire.calc.mjs"
"CM.aire.4.n","densidad del aire en línea (kg/m³)","clase 2.4.2; presionUso 6 bar; tempEntrada 35 °C; material cobre; Lprincipal 55 m; Lramales 0 m; fugas 10 % y reserva 20 % (defaultAire); arranquesHora 15; dPtanque 1.0 bar; horas 3500; tarifa 2.85; redundancia ninguna; sitio Tijuana (149 m, pAtm 99.548 kPa); consumos: Sopleteo 2×400 L/min a 6 bar uso 0.5 + Actuadores 4×250 L/min a 6 bar uso 0.3","ρ = p/(R·T) = (6.75×100 + 99.548)×1000 / (287.05 × 308.15) = 8.7565","gas ideal, R = 287.05 J/(kg·K); pAtm por altitud ASHRAE Fundamentals 2021 cap. 1 ec. 3 (memoria)","memoria","AIRE.rho","8.7565","0.001","vigente","parches/casos-a-mano/aire.calc.mjs"
"CM.aire.4.o","troncal en cobre tipo L 55 m: DI real de ASTM B88 (mm) · hoy la suite usa cédula 40 (1"" = 26.6 mm, V 7.924 m/s) y con el DI real de B88 el 1"" da V 8.271 m/s > 8 → 1 1/4""","clase 2.4.2; presionUso 6 bar; tempEntrada 35 °C; material cobre; Lprincipal 55 m; Lramales 0 m; fugas 10 % y reserva 20 % (defaultAire); arranquesHora 15; dPtanque 1.0 bar; horas 3500; tarifa 2.85; redundancia ninguna; sitio Tijuana (149 m, pAtm 99.548 kPa); consumos: Sopleteo 2×400 L/min a 6 bar uso 0.5 + Actuadores 4×250 L/min a 6 bar uso 0.3","B88 tipo L 1¼"": DE 1.375"" − 2×0.055"" = 1.265"" = 32.131 mm; V = 5.4306 m/s ≤ 8; Δp = 0.05795 bar ≤ 0.15","ASTM B88 tubo de cobre tipo L (DE nominal + 1/8"", pared 0.055"" en 1¼""); mismos DI en index.html:9765 TUB_AGUA.cobre","primaria","AIRE.tramos[0].d","32.131","0.01","fase2:H-218","parches/casos-a-mano/aire.calc.mjs"
"CM.aire.5.d","demanda de proceso (L/min)","clase 2.4.2; presionUso 6 bar; tempEntrada 35 °C; material aluminio; Lprincipal 80 m; Lramales 0 m; fugas 10 % y reserva 20 % (defaultAire); arranquesHora 15; dPtanque 1.0 bar; horas 3500; tarifa 2.85; redundancia ninguna; sitio Tijuana (149 m, pAtm 99.548 kPa); consumos: Linea grande 1×9000 L/min a 6 bar uso 1","máx(medio, pico·simul) = máx(9000, 9000×1 = 9000) = 9000","criterio de la casa (index.html:6881) · mayor entre medio y pico con simultaneidad de la casa","memoria","AIRE.demandaProceso","9000","0.01","vigente","parches/casos-a-mano/aire.calc.mjs"
"CM.aire.5.e","FAD requerido (L/min de aire libre)","clase 2.4.2; presionUso 6 bar; tempEntrada 35 °C; material aluminio; Lprincipal 80 m; Lramales 0 m; fugas 10 % y reserva 20 % (defaultAire); arranquesHora 15; dPtanque 1.0 bar; horas 3500; tarifa 2.85; redundancia ninguna; sitio Tijuana (149 m, pAtm 99.548 kPa); consumos: Linea grande 1×9000 L/min a 6 bar uso 1","demanda 9000 × (1 + fugas 0.10) = 9900; × (1 + reserva 0.20) = 11880 → 11880","criterio de la casa (index.html:6882-6891) · fugas 10 %, reserva 20 % y purga 15 % del desecante; ISO 1217:2009 §3.4.3 define el caudal referido a la succión","memoria","AIRE.fadRequerido","11880","0.05","vigente","parches/casos-a-mano/aire.calc.mjs"
"CM.aire.5.f","presión de descarga (bar man.)","clase 2.4.2; presionUso 6 bar; tempEntrada 35 °C; material aluminio; Lprincipal 80 m; Lramales 0 m; fugas 10 % y reserva 20 % (defaultAire); arranquesHora 15; dPtanque 1.0 bar; horas 3500; tarifa 2.85; redundancia ninguna; sitio Tijuana (149 m, pAtm 99.548 kPa); consumos: Linea grande 1×9000 L/min a 6 bar uso 1","pUso 6 + red 0.30 + secador 0.2 + filtros 0.25 (0.25 aceite > 1) = 6.75","criterio de la casa (index.html:6895-6897) · caídas objetivo de red, secador y filtración","memoria","AIRE.pDescarga","6.75","0.001","vigente","parches/casos-a-mano/aire.calc.mjs"
"CM.aire.5.g","corrección del FAD de catálogo por presión","clase 2.4.2; presionUso 6 bar; tempEntrada 35 °C; material aluminio; Lprincipal 80 m; Lramales 0 m; fugas 10 % y reserva 20 % (defaultAire); arranquesHora 15; dPtanque 1.0 bar; horas 3500; tarifa 2.85; redundancia ninguna; sitio Tijuana (149 m, pAtm 99.548 kPa); consumos: Linea grande 1×9000 L/min a 6 bar uso 1","1 − (6.75 − 7) × 0.05 = 1.0125","criterio de la casa (index.html:6903) · −5 % por bar sobre los 7 bar de catálogo (ISO 1217 Anexo C)","memoria","AIRE.corrP","1.0125","0.0001","vigente","parches/casos-a-mano/aire.calc.mjs"
"CM.aire.5.h","compresor seleccionado (HP)","clase 2.4.2; presionUso 6 bar; tempEntrada 35 °C; material aluminio; Lprincipal 80 m; Lramales 0 m; fugas 10 % y reserva 20 % (defaultAire); arranquesHora 15; dPtanque 1.0 bar; horas 3500; tarifa 2.85; redundancia ninguna; sitio Tijuana (149 m, pAtm 99.548 kPa); consumos: Linea grande 1×9000 L/min a 6 bar uso 1","primero del catálogo lubricado con fad7×corrP ≥ 11880: cp-75v 13000×1.0125 = 13162.5 → 100 HP","criterio de la casa (index.html:6797-6812 y 6904-6907) · catálogo de compresores de la casa y regla de selección","memoria","AIRE.principal.hp","100","0","vigente","parches/casos-a-mano/aire.calc.mjs"
"CM.aire.5.i","FAD real del compresor a la presión de descarga (L/min)","clase 2.4.2; presionUso 6 bar; tempEntrada 35 °C; material aluminio; Lprincipal 80 m; Lramales 0 m; fugas 10 % y reserva 20 % (defaultAire); arranquesHora 15; dPtanque 1.0 bar; horas 3500; tarifa 2.85; redundancia ninguna; sitio Tijuana (149 m, pAtm 99.548 kPa); consumos: Linea grande 1×9000 L/min a 6 bar uso 1","13000 × 1.0125 = 13162.5","criterio de la casa (index.html:6905) · fad7·corrP","memoria","AIRE.principal.fadReal","13162.5","0.05","vigente","parches/casos-a-mano/aire.calc.mjs"
"CM.aire.5.j","unidades en servicio","clase 2.4.2; presionUso 6 bar; tempEntrada 35 °C; material aluminio; Lprincipal 80 m; Lramales 0 m; fugas 10 % y reserva 20 % (defaultAire); arranquesHora 15; dPtanque 1.0 bar; horas 3500; tarifa 2.85; redundancia ninguna; sitio Tijuana (149 m, pAtm 99.548 kPa); consumos: Linea grande 1×9000 L/min a 6 bar uso 1","una unidad cubre la demanda → 1","criterio de la casa (index.html:6912) · ceil(FAD/fadReal) cuando no cubre","memoria","AIRE.nUnidades","1","0","vigente","parches/casos-a-mano/aire.calc.mjs"
"CM.aire.5.k","volumen teórico del tanque pulmón (L)","clase 2.4.2; presionUso 6 bar; tempEntrada 35 °C; material aluminio; Lprincipal 80 m; Lramales 0 m; fugas 10 % y reserva 20 % (defaultAire); arranquesHora 15; dPtanque 1.0 bar; horas 3500; tarifa 2.85; redundancia ninguna; sitio Tijuana (149 m, pAtm 99.548 kPa); consumos: Linea grande 1×9000 L/min a 6 bar uso 1","V = 0.25·qc·p1/(fmax·Δp) con qc 219.375 L/s (13162.5/60), p1 0.99548 bar(a), fmax 15/3600 s⁻¹, Δp 1.0 bar → 0.25×219.375×0.99548/(0.0041667×1.0) = 13102.98","Atlas Copco, «Appropriate compressed air distribution», https://www.atlascopco.com/en-us/compressors/wiki/compressed-air-articles/compressed-air-distribution (fórmula del receptor; 15 arranques/h y banda 1.0 bar son criterio de la casa index.html:6922-6923)","secundaria","AIRE.vTeorico","13102.98","0.5","vigente","parches/casos-a-mano/aire.calc.mjs"
"CM.aire.5.l","capacidad de tanque instalada no menor al teórico (1 = cumple) · hoy la suite trunca en silencio a 5,000 L y la memoria dice «se sube al comercial inmediato superior»","clase 2.4.2; presionUso 6 bar; tempEntrada 35 °C; material aluminio; Lprincipal 80 m; Lramales 0 m; fugas 10 % y reserva 20 % (defaultAire); arranquesHora 15; dPtanque 1.0 bar; horas 3500; tarifa 2.85; redundancia ninguna; sitio Tijuana (149 m, pAtm 99.548 kPa); consumos: Linea grande 1×9000 L/min a 6 bar uso 1","teórico 13103 L > 5,000 L: hoy tanque = 5000 (tope, index.html:6929) → 0; correcto: varios tanques o uno mayor, con aviso → 1","fórmula del receptor Atlas Copco (URL en fila k); tope de 5,000 L sin fuente (H-216)","secundaria","AIRE.tanque >= AIRE.vTeorico ? 1 : 0","1","0","fase2:H-216","parches/casos-a-mano/aire.calc.mjs"
"CM.aire.5.m","capacidad del secador (L/min): todo el caudal del compresor (1 × 13162.5) a la capacidad nominal de ISO 7183:2007 Tabla 2 opción A1 (35 °C, 7 bar(e), 100 % del caudal): factor 1.0; fuera del punto A1 la norma no da factores: corrección del fabricante pendiente, con aviso (H-215; antes FAD requerido / (fT × fP) de memoria)","clase 2.4.2; presionUso 6 bar; tempEntrada 35 °C; material aluminio; Lprincipal 80 m; Lramales 0 m; fugas 10 % y reserva 20 % (defaultAire); arranquesHora 15; dPtanque 1.0 bar; horas 3500; tarifa 2.85; redundancia ninguna; sitio Tijuana (149 m, pAtm 99.548 kPa); consumos: Linea grande 1×9000 L/min a 6 bar uso 1","1 × 13162.5 × 1.0 = 13162.5","ISO 7183:2007 Tabla 2 opción A1 (parches/normas-texto/ISO-7183-2007_muestra-oficial.txt); PLAN-CRITICOS H-215 (caudal del compresor)","primaria","AIRE.capSecador","13162.5","1","vigente","parches/casos-a-mano/aire.calc.mjs"
"CM.aire.5.m2","el motor declara si el punto de operación es A1 (1) o si la corrección del fabricante queda pendiente (0) · aquí pendiente","clase 2.4.2; presionUso 6 bar; tempEntrada 35 °C; material aluminio; Lprincipal 80 m; Lramales 0 m; fugas 10 % y reserva 20 % (defaultAire); arranquesHora 15; dPtanque 1.0 bar; horas 3500; tarifa 2.85; redundancia ninguna; sitio Tijuana (149 m, pAtm 99.548 kPa); consumos: Linea grande 1×9000 L/min a 6 bar uso 1","35 °C ≠ 35 o 6.75 bar ≠ 7","ISO 7183:2007 Tabla 2 opción A1","primaria","AIRE.enA1 ? 1 : 0","0","0","vigente","parches/casos-a-mano/aire.calc.mjs"
"CM.aire.5.n","densidad del aire en línea (kg/m³)","clase 2.4.2; presionUso 6 bar; tempEntrada 35 °C; material aluminio; Lprincipal 80 m; Lramales 0 m; fugas 10 % y reserva 20 % (defaultAire); arranquesHora 15; dPtanque 1.0 bar; horas 3500; tarifa 2.85; redundancia ninguna; sitio Tijuana (149 m, pAtm 99.548 kPa); consumos: Linea grande 1×9000 L/min a 6 bar uso 1","ρ = p/(R·T) = (6.75×100 + 99.548)×1000 / (287.05 × 308.15) = 8.7565","gas ideal, R = 287.05 J/(kg·K); pAtm por altitud ASHRAE Fundamentals 2021 cap. 1 ec. 3 (memoria)","memoria","AIRE.rho","8.7565","0.001","vigente","parches/casos-a-mano/aire.calc.mjs"
"CM.aire.5.o","troncal: diámetro interior elegido (mm) = 3"" de cédula 40 (aluminio: H-218 pide DI del fabricante; se vigila el valor de hoy)","clase 2.4.2; presionUso 6 bar; tempEntrada 35 °C; material aluminio; Lprincipal 80 m; Lramales 0 m; fugas 10 % y reserva 20 % (defaultAire); arranquesHora 15; dPtanque 1.0 bar; horas 3500; tarifa 2.85; redundancia ninguna; sitio Tijuana (149 m, pAtm 99.548 kPa); consumos: Linea grande 1×9000 L/min a 6 bar uso 1","primer DI de DIAM_AIRE con V ≤ 8 m/s y Δp ≤ 0.15 bar en 80 m → 3"" (77.9 mm)","criterio de la casa (index.html:6792-6793 y 6969-6981) · DI de cédula 40 para todo material; V ≤ 8 m/s; mitad de la caída objetivo","memoria","AIRE.tramos[0].d","77.9","0.01","vigente","parches/casos-a-mano/aire.calc.mjs"
"CM.aire.5.p","troncal 3"": velocidad (m/s)","clase 2.4.2; presionUso 6 bar; tempEntrada 35 °C; material aluminio; Lprincipal 80 m; Lramales 0 m; fugas 10 % y reserva 20 % (defaultAire); arranquesHora 15; dPtanque 1.0 bar; horas 3500; tarifa 2.85; redundancia ninguna; sitio Tijuana (149 m, pAtm 99.548 kPa); consumos: Linea grande 1×9000 L/min a 6 bar uso 1","Q = 11880/60000 × 101.325/774.548 = 0.025902 m³/s; A = π·77.9²/4 mm² → V = 5.4346","continuidad; caudal de aire libre a 101.325 kPa llevado a la presión de línea (referencia no declarada en la suite: H-219)","memoria","AIRE.tramos[0].V","5.4346","0.001","vigente","parches/casos-a-mano/aire.calc.mjs"
"CM.aire.5.q","troncal 3"": gradiente de presión (Pa/m)","clase 2.4.2; presionUso 6 bar; tempEntrada 35 °C; material aluminio; Lprincipal 80 m; Lramales 0 m; fugas 10 % y reserva 20 % (defaultAire); arranquesHora 15; dPtanque 1.0 bar; horas 3500; tarifa 2.85; redundancia ninguna; sitio Tijuana (149 m, pAtm 99.548 kPa); consumos: Linea grande 1×9000 L/min a 6 bar uso 1","Re = ρVD/μ = 200384; ε/D = 0.000019; f Haaland = 0.01561 (Colebrook 0.01579 → 26.208 Pa/m de referencia); Δp/L = f·ρ·V²/(2D) = 25.917","Darcy-Weisbach con f de Haaland (1983); μ = 1.85e-5 Pa·s criterio de la casa (index.html:6951)","memoria","AIRE.tramos[0].Pam","25.917","0.05","vigente","parches/casos-a-mano/aire.calc.mjs"
"CM.aire.5.r","troncal 3"": caída en 80 m con 40 % de longitud equivalente (bar)","clase 2.4.2; presionUso 6 bar; tempEntrada 35 °C; material aluminio; Lprincipal 80 m; Lramales 0 m; fugas 10 % y reserva 20 % (defaultAire); arranquesHora 15; dPtanque 1.0 bar; horas 3500; tarifa 2.85; redundancia ninguna; sitio Tijuana (149 m, pAtm 99.548 kPa); consumos: Linea grande 1×9000 L/min a 6 bar uso 1","25.917 × 80 × 1.4 / 1e5 = 0.02903","criterio de la casa (index.html:6955) · Leq 1.4 declarado","memoria","AIRE.tramos[0].dPbar","0.02903","0.0001","vigente","parches/casos-a-mano/aire.calc.mjs"
"CM.aire.5.t","ramal (40 % del FAD = 4752 L/min): diámetro interior elegido (mm) = 1 1/4""","clase 2.4.2; presionUso 6 bar; tempEntrada 35 °C; material aluminio; Lprincipal 80 m; Lramales 0 m; fugas 10 % y reserva 20 % (defaultAire); arranquesHora 15; dPtanque 1.0 bar; horas 3500; tarifa 2.85; redundancia ninguna; sitio Tijuana (149 m, pAtm 99.548 kPa); consumos: Linea grande 1×9000 L/min a 6 bar uso 1","primer DI con V ≤ 15 m/s y Δp ≤ 0.15 bar en 0 m → 1 1/4"" (35.1 mm)","criterio de la casa (index.html:6982) · ramal = 40 % del FAD sin fuente (H-222); V ≤ 15 m/s","memoria","AIRE.tramos[1].d","35.1","0.01","vigente","parches/casos-a-mano/aire.calc.mjs"
"CM.aire.5.u","ramal 1 1/4"": velocidad (m/s)","clase 2.4.2; presionUso 6 bar; tempEntrada 35 °C; material aluminio; Lprincipal 80 m; Lramales 0 m; fugas 10 % y reserva 20 % (defaultAire); arranquesHora 15; dPtanque 1.0 bar; horas 3500; tarifa 2.85; redundancia ninguna; sitio Tijuana (149 m, pAtm 99.548 kPa); consumos: Linea grande 1×9000 L/min a 6 bar uso 1","Q = 4752/60000 × 101.325/774.548 = 0.010361 m³/s; V = Q/A = 10.7075","continuidad (misma referencia que la troncal)","memoria","AIRE.tramos[1].V","10.7075","0.001","vigente","parches/casos-a-mano/aire.calc.mjs"
"CM.aire.6.d","demanda de proceso (L/min)","clase 2.4.2; presionUso 6 bar; tempEntrada 35 °C; material aluminio; Lprincipal 30 m; Lramales 0 m; fugas 10 % y reserva 20 % (defaultAire); arranquesHora 15; dPtanque 1.0 bar; horas 3500; tarifa 2.85; redundancia ninguna; sitio Tijuana (149 m, pAtm 99.548 kPa); consumos: Puntos 50×100 L/min a 6 bar uso 0.25","máx(medio, pico·simul) = máx(1250, 5000×0.5 = 2500) = 2500","criterio de la casa (index.html:6881) · mayor entre medio y pico con simultaneidad de la casa","memoria","AIRE.demandaProceso","2500","0.01","vigente","parches/casos-a-mano/aire.calc.mjs"
"CM.aire.6.e","FAD requerido (L/min de aire libre)","clase 2.4.2; presionUso 6 bar; tempEntrada 35 °C; material aluminio; Lprincipal 30 m; Lramales 0 m; fugas 10 % y reserva 20 % (defaultAire); arranquesHora 15; dPtanque 1.0 bar; horas 3500; tarifa 2.85; redundancia ninguna; sitio Tijuana (149 m, pAtm 99.548 kPa); consumos: Puntos 50×100 L/min a 6 bar uso 0.25","demanda 2500 × (1 + fugas 0.10) = 2750; × (1 + reserva 0.20) = 3300 → 3300","criterio de la casa (index.html:6882-6891) · fugas 10 %, reserva 20 % y purga 15 % del desecante; ISO 1217:2009 §3.4.3 define el caudal referido a la succión","memoria","AIRE.fadRequerido","3300","0.05","vigente","parches/casos-a-mano/aire.calc.mjs"
"CM.aire.6.f","presión de descarga (bar man.)","clase 2.4.2; presionUso 6 bar; tempEntrada 35 °C; material aluminio; Lprincipal 30 m; Lramales 0 m; fugas 10 % y reserva 20 % (defaultAire); arranquesHora 15; dPtanque 1.0 bar; horas 3500; tarifa 2.85; redundancia ninguna; sitio Tijuana (149 m, pAtm 99.548 kPa); consumos: Puntos 50×100 L/min a 6 bar uso 0.25","pUso 6 + red 0.30 + secador 0.2 + filtros 0.25 (0.25 aceite > 1) = 6.75","criterio de la casa (index.html:6895-6897) · caídas objetivo de red, secador y filtración","memoria","AIRE.pDescarga","6.75","0.001","vigente","parches/casos-a-mano/aire.calc.mjs"
"CM.aire.6.g","corrección del FAD de catálogo por presión","clase 2.4.2; presionUso 6 bar; tempEntrada 35 °C; material aluminio; Lprincipal 30 m; Lramales 0 m; fugas 10 % y reserva 20 % (defaultAire); arranquesHora 15; dPtanque 1.0 bar; horas 3500; tarifa 2.85; redundancia ninguna; sitio Tijuana (149 m, pAtm 99.548 kPa); consumos: Puntos 50×100 L/min a 6 bar uso 0.25","1 − (6.75 − 7) × 0.05 = 1.0125","criterio de la casa (index.html:6903) · −5 % por bar sobre los 7 bar de catálogo (ISO 1217 Anexo C)","memoria","AIRE.corrP","1.0125","0.0001","vigente","parches/casos-a-mano/aire.calc.mjs"
"CM.aire.6.h","compresor seleccionado (HP)","clase 2.4.2; presionUso 6 bar; tempEntrada 35 °C; material aluminio; Lprincipal 30 m; Lramales 0 m; fugas 10 % y reserva 20 % (defaultAire); arranquesHora 15; dPtanque 1.0 bar; horas 3500; tarifa 2.85; redundancia ninguna; sitio Tijuana (149 m, pAtm 99.548 kPa); consumos: Puntos 50×100 L/min a 6 bar uso 0.25","primero del catálogo lubricado con fad7×corrP ≥ 3300: cp-22v 3650×1.0125 = 3695.625 → 30 HP","criterio de la casa (index.html:6797-6812 y 6904-6907) · catálogo de compresores de la casa y regla de selección","memoria","AIRE.principal.hp","30","0","vigente","parches/casos-a-mano/aire.calc.mjs"
"CM.aire.6.i","FAD real del compresor a la presión de descarga (L/min)","clase 2.4.2; presionUso 6 bar; tempEntrada 35 °C; material aluminio; Lprincipal 30 m; Lramales 0 m; fugas 10 % y reserva 20 % (defaultAire); arranquesHora 15; dPtanque 1.0 bar; horas 3500; tarifa 2.85; redundancia ninguna; sitio Tijuana (149 m, pAtm 99.548 kPa); consumos: Puntos 50×100 L/min a 6 bar uso 0.25","3650 × 1.0125 = 3695.625","criterio de la casa (index.html:6905) · fad7·corrP","memoria","AIRE.principal.fadReal","3695.625","0.05","vigente","parches/casos-a-mano/aire.calc.mjs"
"CM.aire.6.j","unidades en servicio","clase 2.4.2; presionUso 6 bar; tempEntrada 35 °C; material aluminio; Lprincipal 30 m; Lramales 0 m; fugas 10 % y reserva 20 % (defaultAire); arranquesHora 15; dPtanque 1.0 bar; horas 3500; tarifa 2.85; redundancia ninguna; sitio Tijuana (149 m, pAtm 99.548 kPa); consumos: Puntos 50×100 L/min a 6 bar uso 0.25","una unidad cubre la demanda → 1","criterio de la casa (index.html:6912) · ceil(FAD/fadReal) cuando no cubre","memoria","AIRE.nUnidades","1","0","vigente","parches/casos-a-mano/aire.calc.mjs"
"CM.aire.6.k","volumen teórico del tanque pulmón (L)","clase 2.4.2; presionUso 6 bar; tempEntrada 35 °C; material aluminio; Lprincipal 30 m; Lramales 0 m; fugas 10 % y reserva 20 % (defaultAire); arranquesHora 15; dPtanque 1.0 bar; horas 3500; tarifa 2.85; redundancia ninguna; sitio Tijuana (149 m, pAtm 99.548 kPa); consumos: Puntos 50×100 L/min a 6 bar uso 0.25","V = 0.25·qc·p1/(fmax·Δp) con qc 61.5938 L/s (3695.6/60), p1 0.99548 bar(a), fmax 15/3600 s⁻¹, Δp 1.0 bar → 0.25×61.5938×0.99548/(0.0041667×1.0) = 3678.91","Atlas Copco, «Appropriate compressed air distribution», https://www.atlascopco.com/en-us/compressors/wiki/compressed-air-articles/compressed-air-distribution (fórmula del receptor; 15 arranques/h y banda 1.0 bar son criterio de la casa index.html:6922-6923)","secundaria","AIRE.vTeorico","3678.91","0.5","vigente","parches/casos-a-mano/aire.calc.mjs"
"CM.aire.6.l","tanque comercial inmediato superior (L)","clase 2.4.2; presionUso 6 bar; tempEntrada 35 °C; material aluminio; Lprincipal 30 m; Lramales 0 m; fugas 10 % y reserva 20 % (defaultAire); arranquesHora 15; dPtanque 1.0 bar; horas 3500; tarifa 2.85; redundancia ninguna; sitio Tijuana (149 m, pAtm 99.548 kPa); consumos: Puntos 50×100 L/min a 6 bar uso 0.25","primero de [200, 300, 500, 750, 1000, 1500, 2000, 3000, 4000, 5000] ≥ 3678.9 → 4000","criterio de la casa (index.html:6928-6929) · lista comercial de la casa","memoria","AIRE.tanque","4000","0","vigente","parches/casos-a-mano/aire.calc.mjs"
"CM.aire.6.m","capacidad del secador (L/min): todo el caudal del compresor (1 × 3695.625) a la capacidad nominal de ISO 7183:2007 Tabla 2 opción A1 (35 °C, 7 bar(e), 100 % del caudal): factor 1.0; fuera del punto A1 la norma no da factores: corrección del fabricante pendiente, con aviso (H-215; antes FAD requerido / (fT × fP) de memoria)","clase 2.4.2; presionUso 6 bar; tempEntrada 35 °C; material aluminio; Lprincipal 30 m; Lramales 0 m; fugas 10 % y reserva 20 % (defaultAire); arranquesHora 15; dPtanque 1.0 bar; horas 3500; tarifa 2.85; redundancia ninguna; sitio Tijuana (149 m, pAtm 99.548 kPa); consumos: Puntos 50×100 L/min a 6 bar uso 0.25","1 × 3695.625 × 1.0 = 3695.625","ISO 7183:2007 Tabla 2 opción A1 (parches/normas-texto/ISO-7183-2007_muestra-oficial.txt); PLAN-CRITICOS H-215 (caudal del compresor)","primaria","AIRE.capSecador","3695.625","1","vigente","parches/casos-a-mano/aire.calc.mjs"
"CM.aire.6.m2","el motor declara si el punto de operación es A1 (1) o si la corrección del fabricante queda pendiente (0) · aquí pendiente","clase 2.4.2; presionUso 6 bar; tempEntrada 35 °C; material aluminio; Lprincipal 30 m; Lramales 0 m; fugas 10 % y reserva 20 % (defaultAire); arranquesHora 15; dPtanque 1.0 bar; horas 3500; tarifa 2.85; redundancia ninguna; sitio Tijuana (149 m, pAtm 99.548 kPa); consumos: Puntos 50×100 L/min a 6 bar uso 0.25","35 °C ≠ 35 o 6.75 bar ≠ 7","ISO 7183:2007 Tabla 2 opción A1","primaria","AIRE.enA1 ? 1 : 0","0","0","vigente","parches/casos-a-mano/aire.calc.mjs"
"CM.aire.6.n","densidad del aire en línea (kg/m³)","clase 2.4.2; presionUso 6 bar; tempEntrada 35 °C; material aluminio; Lprincipal 30 m; Lramales 0 m; fugas 10 % y reserva 20 % (defaultAire); arranquesHora 15; dPtanque 1.0 bar; horas 3500; tarifa 2.85; redundancia ninguna; sitio Tijuana (149 m, pAtm 99.548 kPa); consumos: Puntos 50×100 L/min a 6 bar uso 0.25","ρ = p/(R·T) = (6.75×100 + 99.548)×1000 / (287.05 × 308.15) = 8.7565","gas ideal, R = 287.05 J/(kg·K); pAtm por altitud ASHRAE Fundamentals 2021 cap. 1 ec. 3 (memoria)","memoria","AIRE.rho","8.7565","0.001","vigente","parches/casos-a-mano/aire.calc.mjs"
"CM.aire.6.o","troncal: diámetro interior elegido (mm) = 1 1/4"" de cédula 40 (aluminio: H-218 pide DI del fabricante; se vigila el valor de hoy)","clase 2.4.2; presionUso 6 bar; tempEntrada 35 °C; material aluminio; Lprincipal 30 m; Lramales 0 m; fugas 10 % y reserva 20 % (defaultAire); arranquesHora 15; dPtanque 1.0 bar; horas 3500; tarifa 2.85; redundancia ninguna; sitio Tijuana (149 m, pAtm 99.548 kPa); consumos: Puntos 50×100 L/min a 6 bar uso 0.25","primer DI de DIAM_AIRE con V ≤ 8 m/s y Δp ≤ 0.15 bar en 30 m → 1 1/4"" (35.1 mm)","criterio de la casa (index.html:6792-6793 y 6969-6981) · DI de cédula 40 para todo material; V ≤ 8 m/s; mitad de la caída objetivo","memoria","AIRE.tramos[0].d","35.1","0.01","vigente","parches/casos-a-mano/aire.calc.mjs"
"CM.aire.6.p","troncal 1 1/4"": velocidad (m/s)","clase 2.4.2; presionUso 6 bar; tempEntrada 35 °C; material aluminio; Lprincipal 30 m; Lramales 0 m; fugas 10 % y reserva 20 % (defaultAire); arranquesHora 15; dPtanque 1.0 bar; horas 3500; tarifa 2.85; redundancia ninguna; sitio Tijuana (149 m, pAtm 99.548 kPa); consumos: Puntos 50×100 L/min a 6 bar uso 0.25","Q = 3300/60000 × 101.325/774.548 = 0.007195 m³/s; A = π·35.1²/4 mm² → V = 7.4358","continuidad; caudal de aire libre a 101.325 kPa llevado a la presión de línea (referencia no declarada en la suite: H-219)","memoria","AIRE.tramos[0].V","7.4358","0.001","vigente","parches/casos-a-mano/aire.calc.mjs"
"CM.aire.6.q","troncal 1 1/4"": gradiente de presión (Pa/m)","clase 2.4.2; presionUso 6 bar; tempEntrada 35 °C; material aluminio; Lprincipal 30 m; Lramales 0 m; fugas 10 % y reserva 20 % (defaultAire); arranquesHora 15; dPtanque 1.0 bar; horas 3500; tarifa 2.85; redundancia ninguna; sitio Tijuana (149 m, pAtm 99.548 kPa); consumos: Puntos 50×100 L/min a 6 bar uso 0.25","Re = ρVD/μ = 123535; ε/D = 0.000043; f Haaland = 0.01727 (Colebrook 0.01748 → 120.549 Pa/m de referencia); Δp/L = f·ρ·V²/(2D) = 119.08","Darcy-Weisbach con f de Haaland (1983); μ = 1.85e-5 Pa·s criterio de la casa (index.html:6951)","memoria","AIRE.tramos[0].Pam","119.08","0.05","vigente","parches/casos-a-mano/aire.calc.mjs"
"CM.aire.6.r","troncal 1 1/4"": caída en 30 m con 40 % de longitud equivalente (bar)","clase 2.4.2; presionUso 6 bar; tempEntrada 35 °C; material aluminio; Lprincipal 30 m; Lramales 0 m; fugas 10 % y reserva 20 % (defaultAire); arranquesHora 15; dPtanque 1.0 bar; horas 3500; tarifa 2.85; redundancia ninguna; sitio Tijuana (149 m, pAtm 99.548 kPa); consumos: Puntos 50×100 L/min a 6 bar uso 0.25","119.08 × 30 × 1.4 / 1e5 = 0.05001","criterio de la casa (index.html:6955) · Leq 1.4 declarado","memoria","AIRE.tramos[0].dPbar","0.05001","0.0001","vigente","parches/casos-a-mano/aire.calc.mjs"
"CM.aire.6.t","ramal (40 % del FAD = 1320 L/min): diámetro interior elegido (mm) = 1/2""","clase 2.4.2; presionUso 6 bar; tempEntrada 35 °C; material aluminio; Lprincipal 30 m; Lramales 0 m; fugas 10 % y reserva 20 % (defaultAire); arranquesHora 15; dPtanque 1.0 bar; horas 3500; tarifa 2.85; redundancia ninguna; sitio Tijuana (149 m, pAtm 99.548 kPa); consumos: Puntos 50×100 L/min a 6 bar uso 0.25","primer DI con V ≤ 15 m/s y Δp ≤ 0.15 bar en 0 m → 1/2"" (15.8 mm)","criterio de la casa (index.html:6982) · ramal = 40 % del FAD sin fuente (H-222); V ≤ 15 m/s","memoria","AIRE.tramos[1].d","15.8","0.01","vigente","parches/casos-a-mano/aire.calc.mjs"
"CM.aire.6.u","ramal 1/2"": velocidad (m/s)","clase 2.4.2; presionUso 6 bar; tempEntrada 35 °C; material aluminio; Lprincipal 30 m; Lramales 0 m; fugas 10 % y reserva 20 % (defaultAire); arranquesHora 15; dPtanque 1.0 bar; horas 3500; tarifa 2.85; redundancia ninguna; sitio Tijuana (149 m, pAtm 99.548 kPa); consumos: Puntos 50×100 L/min a 6 bar uso 0.25","Q = 1320/60000 × 101.325/774.548 = 0.002878 m³/s; V = Q/A = 14.6787","continuidad (misma referencia que la troncal)","memoria","AIRE.tramos[1].V","14.6787","0.001","vigente","parches/casos-a-mano/aire.calc.mjs"
"CM.aire.6.v","potencia de operación (kW) con potencia específica 6.2 kW/(m³/min) (VSD) corregida -1.75 % por presión, más secador 0.11 kW/(m³/min) sobre la capacidad del secador (ISO 7183 A1, H-215)","clase 2.4.2; presionUso 6 bar; tempEntrada 35 °C; material aluminio; Lprincipal 30 m; Lramales 0 m; fugas 10 % y reserva 20 % (defaultAire); arranquesHora 15; dPtanque 1.0 bar; horas 3500; tarifa 2.85; redundancia ninguna; sitio Tijuana (149 m, pAtm 99.548 kPa); consumos: Puntos 50×100 L/min a 6 bar uso 0.25","3.3 × 6.2 × 0.9825 + 3.69563 × 0.11 = 20.5085","criterio de la casa (index.html:6992-6993) · potencia específica y +7 %/bar sin fuente; se calcula sobre el FAD de diseño (H-219b)","memoria","AIRE.kWoper","20.5085","0.01","vigente","parches/casos-a-mano/aire.calc.mjs"
"CM.aire.7.d","demanda de proceso (L/min)","clase 1.2.1; presionUso 6 bar; tempEntrada 35 °C; material inox_304; Lprincipal 30 m; Lramales 0 m; fugas 10 % y reserva 20 % (defaultAire); arranquesHora 15; dPtanque 1.0 bar; horas 3500; tarifa 2.85; redundancia n1; sitio Tijuana (149 m, pAtm 99.548 kPa); consumos: Linea 1×6000 L/min a 6 bar uso 1","máx(medio, pico·simul) = máx(6000, 6000×1 = 6000) = 6000","criterio de la casa (index.html:6881) · mayor entre medio y pico con simultaneidad de la casa","memoria","AIRE.demandaProceso","6000","0.01","vigente","parches/casos-a-mano/aire.calc.mjs"
"CM.aire.7.e","FAD requerido (L/min de aire libre)","clase 1.2.1; presionUso 6 bar; tempEntrada 35 °C; material inox_304; Lprincipal 30 m; Lramales 0 m; fugas 10 % y reserva 20 % (defaultAire); arranquesHora 15; dPtanque 1.0 bar; horas 3500; tarifa 2.85; redundancia n1; sitio Tijuana (149 m, pAtm 99.548 kPa); consumos: Linea 1×6000 L/min a 6 bar uso 1","demanda 6000 × (1 + fugas 0.10) = 6600; × (1 + reserva 0.20) = 7920; + purga 7920×0.15/0.85 = 1397.647 → 9317.647","criterio de la casa (index.html:6882-6891) · fugas 10 %, reserva 20 % y purga 15 % del desecante; ISO 1217:2009 §3.4.3 define el caudal referido a la succión","memoria","AIRE.fadRequerido","9317.647","0.05","vigente","parches/casos-a-mano/aire.calc.mjs"
"CM.aire.7.e2","purga de regeneración del desecante (L/min)","clase 1.2.1; presionUso 6 bar; tempEntrada 35 °C; material inox_304; Lprincipal 30 m; Lramales 0 m; fugas 10 % y reserva 20 % (defaultAire); arranquesHora 15; dPtanque 1.0 bar; horas 3500; tarifa 2.85; redundancia n1; sitio Tijuana (149 m, pAtm 99.548 kPa); consumos: Linea 1×6000 L/min a 6 bar uso 1","7920 × 0.15 / (1 − 0.15) = 1397.647","criterio de la casa (index.html:6819 y 6890) · 15 % del caudal tratado","memoria","AIRE.purgaLmin","1397.647","0.1","vigente","parches/casos-a-mano/aire.calc.mjs"
"CM.aire.7.f","presión de descarga (bar man.)","clase 1.2.1; presionUso 6 bar; tempEntrada 35 °C; material inox_304; Lprincipal 30 m; Lramales 0 m; fugas 10 % y reserva 20 % (defaultAire); arranquesHora 15; dPtanque 1.0 bar; horas 3500; tarifa 2.85; redundancia n1; sitio Tijuana (149 m, pAtm 99.548 kPa); consumos: Linea 1×6000 L/min a 6 bar uso 1","pUso 6 + red 0.30 + secador 0.35 + filtros 0.5 (0.35 aceite ≤ 1 + 0.15 carbón) = 7.15","criterio de la casa (index.html:6895-6897) · caídas objetivo de red, secador y filtración","memoria","AIRE.pDescarga","7.15","0.001","vigente","parches/casos-a-mano/aire.calc.mjs"
"CM.aire.7.g","corrección del FAD de catálogo por presión","clase 1.2.1; presionUso 6 bar; tempEntrada 35 °C; material inox_304; Lprincipal 30 m; Lramales 0 m; fugas 10 % y reserva 20 % (defaultAire); arranquesHora 15; dPtanque 1.0 bar; horas 3500; tarifa 2.85; redundancia n1; sitio Tijuana (149 m, pAtm 99.548 kPa); consumos: Linea 1×6000 L/min a 6 bar uso 1","1 − (7.15 − 7) × 0.05 = 0.9925","criterio de la casa (index.html:6903) · −5 % por bar sobre los 7 bar de catálogo (ISO 1217 Anexo C)","memoria","AIRE.corrP","0.9925","0.0001","vigente","parches/casos-a-mano/aire.calc.mjs"
"CM.aire.7.h","compresor seleccionado (HP) · pool exento de aceite (clase 1.2.1)","clase 1.2.1; presionUso 6 bar; tempEntrada 35 °C; material inox_304; Lprincipal 30 m; Lramales 0 m; fugas 10 % y reserva 20 % (defaultAire); arranquesHora 15; dPtanque 1.0 bar; horas 3500; tarifa 2.85; redundancia n1; sitio Tijuana (149 m, pAtm 99.548 kPa); consumos: Linea 1×6000 L/min a 6 bar uso 1","primero del catálogo exento con fad7×corrP ≥ 9317.6: cpo-55 8900×0.9925 = 8833.25 → 75 HP (el mayor de su pool; no cubre)","criterio de la casa (index.html:6797-6812 y 6904-6907) · catálogo de compresores de la casa y regla de selección","memoria","AIRE.principal.hp","75","0","vigente","parches/casos-a-mano/aire.calc.mjs"
"CM.aire.7.i","FAD real del compresor a la presión de descarga (L/min)","clase 1.2.1; presionUso 6 bar; tempEntrada 35 °C; material inox_304; Lprincipal 30 m; Lramales 0 m; fugas 10 % y reserva 20 % (defaultAire); arranquesHora 15; dPtanque 1.0 bar; horas 3500; tarifa 2.85; redundancia n1; sitio Tijuana (149 m, pAtm 99.548 kPa); consumos: Linea 1×6000 L/min a 6 bar uso 1","8900 × 0.9925 = 8833.25","criterio de la casa (index.html:6905) · fad7·corrP","memoria","AIRE.principal.fadReal","8833.25","0.05","vigente","parches/casos-a-mano/aire.calc.mjs"
"CM.aire.7.j","unidades en servicio","clase 1.2.1; presionUso 6 bar; tempEntrada 35 °C; material inox_304; Lprincipal 30 m; Lramales 0 m; fugas 10 % y reserva 20 % (defaultAire); arranquesHora 15; dPtanque 1.0 bar; horas 3500; tarifa 2.85; redundancia n1; sitio Tijuana (149 m, pAtm 99.548 kPa); consumos: Linea 1×6000 L/min a 6 bar uso 1","ceil(9317.6 / 8833.3) = 2","criterio de la casa (index.html:6912) · ceil(FAD/fadReal) cuando no cubre","memoria","AIRE.nUnidades","2","0","vigente","parches/casos-a-mano/aire.calc.mjs"
"CM.aire.7.j2","unidades totales con redundancia N+1","clase 1.2.1; presionUso 6 bar; tempEntrada 35 °C; material inox_304; Lprincipal 30 m; Lramales 0 m; fugas 10 % y reserva 20 % (defaultAire); arranquesHora 15; dPtanque 1.0 bar; horas 3500; tarifa 2.85; redundancia n1; sitio Tijuana (149 m, pAtm 99.548 kPa); consumos: Linea 1×6000 L/min a 6 bar uso 1","2 + 1 = 3","criterio de la casa (index.html:6913-6914) · N+1 agrega una unidad","memoria","AIRE.totalUnidades","3","0","vigente","parches/casos-a-mano/aire.calc.mjs"
"CM.aire.7.j3","clase 1.2.1 obliga a compresor exento de aceite (1 = sí)","clase 1.2.1; presionUso 6 bar; tempEntrada 35 °C; material inox_304; Lprincipal 30 m; Lramales 0 m; fugas 10 % y reserva 20 % (defaultAire); arranquesHora 15; dPtanque 1.0 bar; horas 3500; tarifa 2.85; redundancia n1; sitio Tijuana (149 m, pAtm 99.548 kPa); consumos: Linea 1×6000 L/min a 6 bar uso 1","aceite ≤ 1 y clase 1.2.1 → exento","criterio de la casa (index.html:6904) · criterio de la casa; ISO 8573-1:2010 sólo define la clase de aceite (H-220)","memoria","AIRE.exento ? 1 : 0","1","0","vigente","parches/casos-a-mano/aire.calc.mjs"
"CM.aire.7.k","volumen teórico del tanque pulmón (L)","clase 1.2.1; presionUso 6 bar; tempEntrada 35 °C; material inox_304; Lprincipal 30 m; Lramales 0 m; fugas 10 % y reserva 20 % (defaultAire); arranquesHora 15; dPtanque 1.0 bar; horas 3500; tarifa 2.85; redundancia n1; sitio Tijuana (149 m, pAtm 99.548 kPa); consumos: Linea 1×6000 L/min a 6 bar uso 1","V = 0.25·qc·p1/(fmax·Δp) con qc 147.2208 L/s (8833.3/60), p1 0.99548 bar(a), fmax 15/3600 s⁻¹, Δp 1.0 bar → 0.25×147.2208×0.99548/(0.0041667×1.0) = 8793.31","Atlas Copco, «Appropriate compressed air distribution», https://www.atlascopco.com/en-us/compressors/wiki/compressed-air-articles/compressed-air-distribution (fórmula del receptor; 15 arranques/h y banda 1.0 bar son criterio de la casa index.html:6922-6923)","secundaria","AIRE.vTeorico","8793.31","0.5","vigente","parches/casos-a-mano/aire.calc.mjs"
"CM.aire.7.l","capacidad de tanque instalada no menor al teórico (1 = cumple) · hoy la suite trunca en silencio a 5,000 L y la memoria dice «se sube al comercial inmediato superior»","clase 1.2.1; presionUso 6 bar; tempEntrada 35 °C; material inox_304; Lprincipal 30 m; Lramales 0 m; fugas 10 % y reserva 20 % (defaultAire); arranquesHora 15; dPtanque 1.0 bar; horas 3500; tarifa 2.85; redundancia n1; sitio Tijuana (149 m, pAtm 99.548 kPa); consumos: Linea 1×6000 L/min a 6 bar uso 1","teórico 8793.3 L > 5,000 L: hoy tanque = 5000 (tope, index.html:6929) → 0; correcto: varios tanques o uno mayor, con aviso → 1","fórmula del receptor Atlas Copco (URL en fila k); tope de 5,000 L sin fuente (H-216)","secundaria","AIRE.tanque >= AIRE.vTeorico ? 1 : 0","1","0","fase2:H-216","parches/casos-a-mano/aire.calc.mjs"
"CM.aire.7.m","capacidad del secador (L/min): todo el caudal del compresor (2 × 8833.25) a la capacidad nominal de ISO 7183:2007 Tabla 2 opción A1 (35 °C, 7 bar(e), 100 % del caudal): factor 1.0; fuera del punto A1 la norma no da factores: corrección del fabricante pendiente, con aviso (H-215; antes FAD requerido / (fT × fP) de memoria)","clase 1.2.1; presionUso 6 bar; tempEntrada 35 °C; material inox_304; Lprincipal 30 m; Lramales 0 m; fugas 10 % y reserva 20 % (defaultAire); arranquesHora 15; dPtanque 1.0 bar; horas 3500; tarifa 2.85; redundancia n1; sitio Tijuana (149 m, pAtm 99.548 kPa); consumos: Linea 1×6000 L/min a 6 bar uso 1","2 × 8833.25 × 1.0 = 17666.5","ISO 7183:2007 Tabla 2 opción A1 (parches/normas-texto/ISO-7183-2007_muestra-oficial.txt); PLAN-CRITICOS H-215 (caudal del compresor)","primaria","AIRE.capSecador","17666.5","1","vigente","parches/casos-a-mano/aire.calc.mjs"
"CM.aire.7.m2","el motor declara si el punto de operación es A1 (1) o si la corrección del fabricante queda pendiente (0) · aquí pendiente","clase 1.2.1; presionUso 6 bar; tempEntrada 35 °C; material inox_304; Lprincipal 30 m; Lramales 0 m; fugas 10 % y reserva 20 % (defaultAire); arranquesHora 15; dPtanque 1.0 bar; horas 3500; tarifa 2.85; redundancia n1; sitio Tijuana (149 m, pAtm 99.548 kPa); consumos: Linea 1×6000 L/min a 6 bar uso 1","35 °C ≠ 35 o 7.15 bar ≠ 7","ISO 7183:2007 Tabla 2 opción A1","primaria","AIRE.enA1 ? 1 : 0","0","0","vigente","parches/casos-a-mano/aire.calc.mjs"
"CM.aire.7.n","densidad del aire en línea (kg/m³)","clase 1.2.1; presionUso 6 bar; tempEntrada 35 °C; material inox_304; Lprincipal 30 m; Lramales 0 m; fugas 10 % y reserva 20 % (defaultAire); arranquesHora 15; dPtanque 1.0 bar; horas 3500; tarifa 2.85; redundancia n1; sitio Tijuana (149 m, pAtm 99.548 kPa); consumos: Linea 1×6000 L/min a 6 bar uso 1","ρ = p/(R·T) = (7.15×100 + 99.548)×1000 / (287.05 × 308.15) = 9.2087","gas ideal, R = 287.05 J/(kg·K); pAtm por altitud ASHRAE Fundamentals 2021 cap. 1 ec. 3 (memoria)","memoria","AIRE.rho","9.2087","0.001","vigente","parches/casos-a-mano/aire.calc.mjs"
"CM.aire.7.o","troncal: diámetro interior elegido (mm) = 2 1/2"" de cédula 40 (inox_304: H-218 pide DI del fabricante; se vigila el valor de hoy)","clase 1.2.1; presionUso 6 bar; tempEntrada 35 °C; material inox_304; Lprincipal 30 m; Lramales 0 m; fugas 10 % y reserva 20 % (defaultAire); arranquesHora 15; dPtanque 1.0 bar; horas 3500; tarifa 2.85; redundancia n1; sitio Tijuana (149 m, pAtm 99.548 kPa); consumos: Linea 1×6000 L/min a 6 bar uso 1","primer DI de DIAM_AIRE con V ≤ 8 m/s y Δp ≤ 0.15 bar en 30 m → 2 1/2"" (62.7 mm)","criterio de la casa (index.html:6792-6793 y 6969-6981) · DI de cédula 40 para todo material; V ≤ 8 m/s; mitad de la caída objetivo","memoria","AIRE.tramos[0].d","62.7","0.01","vigente","parches/casos-a-mano/aire.calc.mjs"
"CM.aire.7.p","troncal 2 1/2"": velocidad (m/s)","clase 1.2.1; presionUso 6 bar; tempEntrada 35 °C; material inox_304; Lprincipal 30 m; Lramales 0 m; fugas 10 % y reserva 20 % (defaultAire); arranquesHora 15; dPtanque 1.0 bar; horas 3500; tarifa 2.85; redundancia n1; sitio Tijuana (149 m, pAtm 99.548 kPa); consumos: Linea 1×6000 L/min a 6 bar uso 1","Q = 9317.65/60000 × 101.325/814.548 = 0.019318 m³/s; A = π·62.7²/4 mm² → V = 6.2565","continuidad; caudal de aire libre a 101.325 kPa llevado a la presión de línea (referencia no declarada en la suite: H-219)","memoria","AIRE.tramos[0].V","6.2565","0.001","vigente","parches/casos-a-mano/aire.calc.mjs"
"CM.aire.7.q","troncal 2 1/2"": gradiente de presión (Pa/m)","clase 1.2.1; presionUso 6 bar; tempEntrada 35 °C; material inox_304; Lprincipal 30 m; Lramales 0 m; fugas 10 % y reserva 20 % (defaultAire); arranquesHora 15; dPtanque 1.0 bar; horas 3500; tarifa 2.85; redundancia n1; sitio Tijuana (149 m, pAtm 99.548 kPa); consumos: Linea 1×6000 L/min a 6 bar uso 1","Re = ρVD/μ = 195264; ε/D = 0.000024; f Haaland = 0.01572 (Colebrook 0.0159 → 45.711 Pa/m de referencia); Δp/L = f·ρ·V²/(2D) = 45.188","Darcy-Weisbach con f de Haaland (1983); μ = 1.85e-5 Pa·s criterio de la casa (index.html:6951)","memoria","AIRE.tramos[0].Pam","45.188","0.05","vigente","parches/casos-a-mano/aire.calc.mjs"
"CM.aire.7.r","troncal 2 1/2"": caída en 30 m con 40 % de longitud equivalente (bar)","clase 1.2.1; presionUso 6 bar; tempEntrada 35 °C; material inox_304; Lprincipal 30 m; Lramales 0 m; fugas 10 % y reserva 20 % (defaultAire); arranquesHora 15; dPtanque 1.0 bar; horas 3500; tarifa 2.85; redundancia n1; sitio Tijuana (149 m, pAtm 99.548 kPa); consumos: Linea 1×6000 L/min a 6 bar uso 1","45.188 × 30 × 1.4 / 1e5 = 0.01898","criterio de la casa (index.html:6955) · Leq 1.4 declarado","memoria","AIRE.tramos[0].dPbar","0.01898","0.0001","vigente","parches/casos-a-mano/aire.calc.mjs"
"CM.aire.7.t","ramal (40 % del FAD = 3727.06 L/min): diámetro interior elegido (mm) = 1""","clase 1.2.1; presionUso 6 bar; tempEntrada 35 °C; material inox_304; Lprincipal 30 m; Lramales 0 m; fugas 10 % y reserva 20 % (defaultAire); arranquesHora 15; dPtanque 1.0 bar; horas 3500; tarifa 2.85; redundancia n1; sitio Tijuana (149 m, pAtm 99.548 kPa); consumos: Linea 1×6000 L/min a 6 bar uso 1","primer DI con V ≤ 15 m/s y Δp ≤ 0.15 bar en 0 m → 1"" (26.6 mm)","criterio de la casa (index.html:6982) · ramal = 40 % del FAD sin fuente (H-222); V ≤ 15 m/s","memoria","AIRE.tramos[1].d","26.6","0.01","vigente","parches/casos-a-mano/aire.calc.mjs"
"CM.aire.7.u","ramal 1"": velocidad (m/s)","clase 1.2.1; presionUso 6 bar; tempEntrada 35 °C; material inox_304; Lprincipal 30 m; Lramales 0 m; fugas 10 % y reserva 20 % (defaultAire); arranquesHora 15; dPtanque 1.0 bar; horas 3500; tarifa 2.85; redundancia n1; sitio Tijuana (149 m, pAtm 99.548 kPa); consumos: Linea 1×6000 L/min a 6 bar uso 1","Q = 3727.06/60000 × 101.325/814.548 = 0.007727 m³/s; V = Q/A = 13.9047","continuidad (misma referencia que la troncal)","memoria","AIRE.tramos[1].V","13.9047","0.001","vigente","parches/casos-a-mano/aire.calc.mjs"
"CM.aire.8.d","demanda de proceso (L/min)","clase 2.4.2; presionUso 6 bar; tempEntrada 35 °C; material aluminio; Lprincipal 30 m; Lramales 0 m; fugas 10 % y reserva 20 % (defaultAire); arranquesHora 15; dPtanque 1.0 bar; horas 3500; tarifa 2.85; redundancia n1; sitio Tijuana (149 m, pAtm 99.548 kPa); consumos: Linea 1×20000 L/min a 6 bar uso 1","máx(medio, pico·simul) = máx(20000, 20000×1 = 20000) = 20000","criterio de la casa (index.html:6881) · mayor entre medio y pico con simultaneidad de la casa","memoria","AIRE.demandaProceso","20000","0.01","vigente","parches/casos-a-mano/aire.calc.mjs"
"CM.aire.8.e","FAD requerido (L/min de aire libre)","clase 2.4.2; presionUso 6 bar; tempEntrada 35 °C; material aluminio; Lprincipal 30 m; Lramales 0 m; fugas 10 % y reserva 20 % (defaultAire); arranquesHora 15; dPtanque 1.0 bar; horas 3500; tarifa 2.85; redundancia n1; sitio Tijuana (149 m, pAtm 99.548 kPa); consumos: Linea 1×20000 L/min a 6 bar uso 1","demanda 20000 × (1 + fugas 0.10) = 22000; × (1 + reserva 0.20) = 26400 → 26400","criterio de la casa (index.html:6882-6891) · fugas 10 %, reserva 20 % y purga 15 % del desecante; ISO 1217:2009 §3.4.3 define el caudal referido a la succión","memoria","AIRE.fadRequerido","26400","0.05","vigente","parches/casos-a-mano/aire.calc.mjs"
"CM.aire.8.f","presión de descarga (bar man.)","clase 2.4.2; presionUso 6 bar; tempEntrada 35 °C; material aluminio; Lprincipal 30 m; Lramales 0 m; fugas 10 % y reserva 20 % (defaultAire); arranquesHora 15; dPtanque 1.0 bar; horas 3500; tarifa 2.85; redundancia n1; sitio Tijuana (149 m, pAtm 99.548 kPa); consumos: Linea 1×20000 L/min a 6 bar uso 1","pUso 6 + red 0.30 + secador 0.2 + filtros 0.25 (0.25 aceite > 1) = 6.75","criterio de la casa (index.html:6895-6897) · caídas objetivo de red, secador y filtración","memoria","AIRE.pDescarga","6.75","0.001","vigente","parches/casos-a-mano/aire.calc.mjs"
"CM.aire.8.g","corrección del FAD de catálogo por presión","clase 2.4.2; presionUso 6 bar; tempEntrada 35 °C; material aluminio; Lprincipal 30 m; Lramales 0 m; fugas 10 % y reserva 20 % (defaultAire); arranquesHora 15; dPtanque 1.0 bar; horas 3500; tarifa 2.85; redundancia n1; sitio Tijuana (149 m, pAtm 99.548 kPa); consumos: Linea 1×20000 L/min a 6 bar uso 1","1 − (6.75 − 7) × 0.05 = 1.0125","criterio de la casa (index.html:6903) · −5 % por bar sobre los 7 bar de catálogo (ISO 1217 Anexo C)","memoria","AIRE.corrP","1.0125","0.0001","vigente","parches/casos-a-mano/aire.calc.mjs"
"CM.aire.8.h","compresor seleccionado (HP) · HOY la suite da cpo-55 EXENTO 75 HP (8,900×corrP = 9,011 L/min): el pool lubricado no se filtra por tipo y «el mayor de la lista» es el último exento (index.html:6905-6907); hallazgo nuevo sin número","clase 2.4.2; presionUso 6 bar; tempEntrada 35 °C; material aluminio; Lprincipal 30 m; Lramales 0 m; fugas 10 % y reserva 20 % (defaultAire); arranquesHora 15; dPtanque 1.0 bar; horas 3500; tarifa 2.85; redundancia n1; sitio Tijuana (149 m, pAtm 99.548 kPa); consumos: Linea 1×20000 L/min a 6 bar uso 1","primero del catálogo lubricado con fad7×corrP ≥ 26400: cp-75v 13000×1.0125 = 13162.5 → 100 HP (el mayor de su pool; no cubre)","criterio de la casa (index.html:6797-6812 y 6904-6907) · catálogo de compresores de la casa y regla de selección","memoria","AIRE.principal.hp","100","0","fase2:H-nuevo","parches/casos-a-mano/aire.calc.mjs"
"CM.aire.8.i","FAD real del compresor a la presión de descarga (L/min) · HOY la suite da cpo-55 EXENTO 75 HP (8,900×corrP = 9,011 L/min): el pool lubricado no se filtra por tipo y «el mayor de la lista» es el último exento (index.html:6905-6907); hallazgo nuevo sin número","clase 2.4.2; presionUso 6 bar; tempEntrada 35 °C; material aluminio; Lprincipal 30 m; Lramales 0 m; fugas 10 % y reserva 20 % (defaultAire); arranquesHora 15; dPtanque 1.0 bar; horas 3500; tarifa 2.85; redundancia n1; sitio Tijuana (149 m, pAtm 99.548 kPa); consumos: Linea 1×20000 L/min a 6 bar uso 1","13000 × 1.0125 = 13162.5","criterio de la casa (index.html:6905) · fad7·corrP","memoria","AIRE.principal.fadReal","13162.5","0.05","fase2:H-nuevo","parches/casos-a-mano/aire.calc.mjs"
"CM.aire.8.j","unidades en servicio (con el cpo-55 de hoy también salen 3: ceil(26400/9011) = 3)","clase 2.4.2; presionUso 6 bar; tempEntrada 35 °C; material aluminio; Lprincipal 30 m; Lramales 0 m; fugas 10 % y reserva 20 % (defaultAire); arranquesHora 15; dPtanque 1.0 bar; horas 3500; tarifa 2.85; redundancia n1; sitio Tijuana (149 m, pAtm 99.548 kPa); consumos: Linea 1×20000 L/min a 6 bar uso 1","ceil(26400 / 13162.5) = 3","criterio de la casa (index.html:6912) · ceil(FAD/fadReal) cuando no cubre","memoria","AIRE.nUnidades","3","0","vigente","parches/casos-a-mano/aire.calc.mjs"
"CM.aire.8.j2","unidades totales con redundancia N+1","clase 2.4.2; presionUso 6 bar; tempEntrada 35 °C; material aluminio; Lprincipal 30 m; Lramales 0 m; fugas 10 % y reserva 20 % (defaultAire); arranquesHora 15; dPtanque 1.0 bar; horas 3500; tarifa 2.85; redundancia n1; sitio Tijuana (149 m, pAtm 99.548 kPa); consumos: Linea 1×20000 L/min a 6 bar uso 1","3 + 1 = 4","criterio de la casa (index.html:6913-6914) · N+1 agrega una unidad","memoria","AIRE.totalUnidades","4","0","vigente","parches/casos-a-mano/aire.calc.mjs"
"CM.aire.8.k","volumen teórico del tanque pulmón (L) · hoy con el cpo-55: 8,970 L","clase 2.4.2; presionUso 6 bar; tempEntrada 35 °C; material aluminio; Lprincipal 30 m; Lramales 0 m; fugas 10 % y reserva 20 % (defaultAire); arranquesHora 15; dPtanque 1.0 bar; horas 3500; tarifa 2.85; redundancia n1; sitio Tijuana (149 m, pAtm 99.548 kPa); consumos: Linea 1×20000 L/min a 6 bar uso 1","V = 0.25·qc·p1/(fmax·Δp) con qc 219.375 L/s (13162.5/60), p1 0.99548 bar(a), fmax 15/3600 s⁻¹, Δp 1.0 bar → 0.25×219.375×0.99548/(0.0041667×1.0) = 13102.98","Atlas Copco, «Appropriate compressed air distribution», https://www.atlascopco.com/en-us/compressors/wiki/compressed-air-articles/compressed-air-distribution (fórmula del receptor; 15 arranques/h y banda 1.0 bar son criterio de la casa index.html:6922-6923)","secundaria","AIRE.vTeorico","13102.98","0.5","fase2:H-nuevo","parches/casos-a-mano/aire.calc.mjs"
"CM.aire.8.l","capacidad de tanque instalada no menor al teórico (1 = cumple) · hoy la suite trunca en silencio a 5,000 L y la memoria dice «se sube al comercial inmediato superior»","clase 2.4.2; presionUso 6 bar; tempEntrada 35 °C; material aluminio; Lprincipal 30 m; Lramales 0 m; fugas 10 % y reserva 20 % (defaultAire); arranquesHora 15; dPtanque 1.0 bar; horas 3500; tarifa 2.85; redundancia n1; sitio Tijuana (149 m, pAtm 99.548 kPa); consumos: Linea 1×20000 L/min a 6 bar uso 1","teórico 13103 L > 5,000 L: hoy tanque = 5000 (tope, index.html:6929) → 0; correcto: varios tanques o uno mayor, con aviso → 1","fórmula del receptor Atlas Copco (URL en fila k); tope de 5,000 L sin fuente (H-216)","secundaria","AIRE.tanque >= AIRE.vTeorico ? 1 : 0","1","0","fase2:H-216","parches/casos-a-mano/aire.calc.mjs"
"CM.aire.8.m","capacidad del secador (L/min): todo el caudal del compresor (3 × 13162.5) a la capacidad nominal de ISO 7183:2007 Tabla 2 opción A1 (35 °C, 7 bar(e), 100 % del caudal): factor 1.0; fuera del punto A1 la norma no da factores: corrección del fabricante pendiente, con aviso (H-215; antes FAD requerido / (fT × fP) de memoria)","clase 2.4.2; presionUso 6 bar; tempEntrada 35 °C; material aluminio; Lprincipal 30 m; Lramales 0 m; fugas 10 % y reserva 20 % (defaultAire); arranquesHora 15; dPtanque 1.0 bar; horas 3500; tarifa 2.85; redundancia n1; sitio Tijuana (149 m, pAtm 99.548 kPa); consumos: Linea 1×20000 L/min a 6 bar uso 1","3 × 13162.5 × 1.0 = 39487.5","ISO 7183:2007 Tabla 2 opción A1 (parches/normas-texto/ISO-7183-2007_muestra-oficial.txt); PLAN-CRITICOS H-215 (caudal del compresor)","primaria","AIRE.capSecador","39487.5","1","fase2:H-nuevo","parches/casos-a-mano/aire.calc.mjs"
"CM.aire.8.m2","el motor declara si el punto de operación es A1 (1) o si la corrección del fabricante queda pendiente (0) · aquí pendiente","clase 2.4.2; presionUso 6 bar; tempEntrada 35 °C; material aluminio; Lprincipal 30 m; Lramales 0 m; fugas 10 % y reserva 20 % (defaultAire); arranquesHora 15; dPtanque 1.0 bar; horas 3500; tarifa 2.85; redundancia n1; sitio Tijuana (149 m, pAtm 99.548 kPa); consumos: Linea 1×20000 L/min a 6 bar uso 1","35 °C ≠ 35 o 6.75 bar ≠ 7","ISO 7183:2007 Tabla 2 opción A1","primaria","AIRE.enA1 ? 1 : 0","0","0","vigente","parches/casos-a-mano/aire.calc.mjs"
"CM.aire.8.n","densidad del aire en línea (kg/m³)","clase 2.4.2; presionUso 6 bar; tempEntrada 35 °C; material aluminio; Lprincipal 30 m; Lramales 0 m; fugas 10 % y reserva 20 % (defaultAire); arranquesHora 15; dPtanque 1.0 bar; horas 3500; tarifa 2.85; redundancia n1; sitio Tijuana (149 m, pAtm 99.548 kPa); consumos: Linea 1×20000 L/min a 6 bar uso 1","ρ = p/(R·T) = (6.75×100 + 99.548)×1000 / (287.05 × 308.15) = 8.7565","gas ideal, R = 287.05 J/(kg·K); pAtm por altitud ASHRAE Fundamentals 2021 cap. 1 ec. 3 (memoria)","memoria","AIRE.rho","8.7565","0.001","vigente","parches/casos-a-mano/aire.calc.mjs"
"CM.aire.8.o","troncal: diámetro interior elegido (mm) = 4"" de cédula 40 (aluminio: H-218 pide DI del fabricante; se vigila el valor de hoy)","clase 2.4.2; presionUso 6 bar; tempEntrada 35 °C; material aluminio; Lprincipal 30 m; Lramales 0 m; fugas 10 % y reserva 20 % (defaultAire); arranquesHora 15; dPtanque 1.0 bar; horas 3500; tarifa 2.85; redundancia n1; sitio Tijuana (149 m, pAtm 99.548 kPa); consumos: Linea 1×20000 L/min a 6 bar uso 1","primer DI de DIAM_AIRE con V ≤ 8 m/s y Δp ≤ 0.15 bar en 30 m → 4"" (102.3 mm)","criterio de la casa (index.html:6792-6793 y 6969-6981) · DI de cédula 40 para todo material; V ≤ 8 m/s; mitad de la caída objetivo","memoria","AIRE.tramos[0].d","102.3","0.01","vigente","parches/casos-a-mano/aire.calc.mjs"
"CM.aire.8.p","troncal 4"": velocidad (m/s)","clase 2.4.2; presionUso 6 bar; tempEntrada 35 °C; material aluminio; Lprincipal 30 m; Lramales 0 m; fugas 10 % y reserva 20 % (defaultAire); arranquesHora 15; dPtanque 1.0 bar; horas 3500; tarifa 2.85; redundancia n1; sitio Tijuana (149 m, pAtm 99.548 kPa); consumos: Linea 1×20000 L/min a 6 bar uso 1","Q = 26400/60000 × 101.325/774.548 = 0.05756 m³/s; A = π·102.3²/4 mm² → V = 7.0029","continuidad; caudal de aire libre a 101.325 kPa llevado a la presión de línea (referencia no declarada en la suite: H-219)","memoria","AIRE.tramos[0].V","7.0029","0.001","vigente","parches/casos-a-mano/aire.calc.mjs"
"CM.aire.8.q","troncal 4"": gradiente de presión (Pa/m)","clase 2.4.2; presionUso 6 bar; tempEntrada 35 °C; material aluminio; Lprincipal 30 m; Lramales 0 m; fugas 10 % y reserva 20 % (defaultAire); arranquesHora 15; dPtanque 1.0 bar; horas 3500; tarifa 2.85; redundancia n1; sitio Tijuana (149 m, pAtm 99.548 kPa); consumos: Linea 1×20000 L/min a 6 bar uso 1","Re = ρVD/μ = 339088; ε/D = 0.000015; f Haaland = 0.01415 (Colebrook 0.0143 → 30.012 Pa/m de referencia); Δp/L = f·ρ·V²/(2D) = 29.698","Darcy-Weisbach con f de Haaland (1983); μ = 1.85e-5 Pa·s criterio de la casa (index.html:6951)","memoria","AIRE.tramos[0].Pam","29.698","0.05","vigente","parches/casos-a-mano/aire.calc.mjs"
"CM.aire.8.r","troncal 4"": caída en 30 m con 40 % de longitud equivalente (bar)","clase 2.4.2; presionUso 6 bar; tempEntrada 35 °C; material aluminio; Lprincipal 30 m; Lramales 0 m; fugas 10 % y reserva 20 % (defaultAire); arranquesHora 15; dPtanque 1.0 bar; horas 3500; tarifa 2.85; redundancia n1; sitio Tijuana (149 m, pAtm 99.548 kPa); consumos: Linea 1×20000 L/min a 6 bar uso 1","29.698 × 30 × 1.4 / 1e5 = 0.01247","criterio de la casa (index.html:6955) · Leq 1.4 declarado","memoria","AIRE.tramos[0].dPbar","0.01247","0.0001","vigente","parches/casos-a-mano/aire.calc.mjs"
"CM.aire.8.t","ramal (40 % del FAD = 10560 L/min): diámetro interior elegido (mm) = 2""","clase 2.4.2; presionUso 6 bar; tempEntrada 35 °C; material aluminio; Lprincipal 30 m; Lramales 0 m; fugas 10 % y reserva 20 % (defaultAire); arranquesHora 15; dPtanque 1.0 bar; horas 3500; tarifa 2.85; redundancia n1; sitio Tijuana (149 m, pAtm 99.548 kPa); consumos: Linea 1×20000 L/min a 6 bar uso 1","primer DI con V ≤ 15 m/s y Δp ≤ 0.15 bar en 0 m → 2"" (52.5 mm)","criterio de la casa (index.html:6982) · ramal = 40 % del FAD sin fuente (H-222); V ≤ 15 m/s","memoria","AIRE.tramos[1].d","52.5","0.01","vigente","parches/casos-a-mano/aire.calc.mjs"
"CM.aire.8.u","ramal 2"": velocidad (m/s)","clase 2.4.2; presionUso 6 bar; tempEntrada 35 °C; material aluminio; Lprincipal 30 m; Lramales 0 m; fugas 10 % y reserva 20 % (defaultAire); arranquesHora 15; dPtanque 1.0 bar; horas 3500; tarifa 2.85; redundancia n1; sitio Tijuana (149 m, pAtm 99.548 kPa); consumos: Linea 1×20000 L/min a 6 bar uso 1","Q = 10560/60000 × 101.325/774.548 = 0.023024 m³/s; V = Q/A = 10.6359","continuidad (misma referencia que la troncal)","memoria","AIRE.tramos[1].V","10.6359","0.001","vigente","parches/casos-a-mano/aire.calc.mjs"
